musical_id,title,poster_url,genre,date,location,actors,age_rating,running_time,describe,synopsis
190722,레미제라블,httpticketimageinterparkcomPlayDictionaryDATAPlayDicPlayDicUpload04000123070400012307_190722_01837gif,라이선스,20231130  20240310,블루스퀘어 신한카드홀,민우혁최재림김우형카이조정은린아임기홍육현욱박준면김영주김성식김진욱김수하루미나윤은오김경록이상아류인아장세린이형준,nan,180분 인터미션  20분,"Les Misérables
뮤지컬 레미제라블
시대를 뛰어넘은
위대한 명작
월드와이드 마스터피스
세계 4대 뮤지컬 레미제라블이 드디어 돌아오다
2013
2013
2013
제7회 더 뮤지컬 어워즈
5개 부문 수상
제19회 한국뮤지컬대상 4개 부문 수상
인터파크 골든티켓대상 최고 흥행상 수상
LES MIS FOR THE 21ST CENTURY
Huffington Post
A REBORN DREAM OF A PRODUCTION Daily Telegraph
MIGHTY LES MIS IS STILL REVOLUTIONARY Daily Mail
끊임없는 사랑으로
전 세계에 증명된 흥행 대작
37년간 53개국 22개 언어로 공연
1억 3천만명이 관람한 뮤지컬의 바이블
영국 오리지널 제작진이 인정한 가장 완벽한 배우 캐스팅
엄격한 오디션을 통해 오직 실력만으로 선발된 최고의 배우들이 만드는 다시는 보지 못할 기적 같은 무대
가슴을 뛰게 만드는 아름다운 음악과 완벽한 퍼포먼스
I Dreamed a Dream
On My Own
Bring Him Home
One Day More
프랑스 대문호 빅토르 위고의 소설을 기반으로 한 작곡가 클로드 미셸 숀버그  작가 알랭 부브리 콤비의 역작","사랑 용기 희망에 대한 대서사시
기구한 운명의 청년 장발장이 빵을 훔친 죄로 19년을 감옥에서 지낸 후 가석방되지만 전과자에 대한 세상의 배척과 멸시에서 벗어나지 못한다 우연한 기회에 딘뉴 주교의 고귀한 사랑을 경험하게 된 그는 새롭게 인생을 시작하게 되고 시장으로 출세하게 된다 어려운 이들에게 자상한 온정을 베풀어 주는 그에게 시민들은 사랑과 존경을 보내기에 이른다 어느 날 장발장은 딸의 양육비를 벌기 위해 거리에서 몸을 파는 여인 판틴을 구해 돌보게 되지만 법과 제도를 맹신하는 자베르 경감에게 다시 쫓기는 신세가 되고 만다 그는 엄마의 죽음으로 세상에 홀로 남겨지게 된 판틴의 딸 코제트를 구해 수도원으로 잠적하고 10년의 세월이 흐른다 어느덧 아름다운 숙녀로 성장하게 된 코제트는 마리우스라는 학생 혁명가를 알게 되고 그와 사랑에 빠진다 혁명에 참여한 마리우스는 죽음의 위기에 놓이게 되고 장발장에 의해 목숨을 구한다 그의 숭고한 인간애와 박애 정신은 평생 그를 쫓던 자베르 경감의 마음마저 변화시키기에 이르는데"
190036,레베카,httpticketimageinterparkcomPlayDictionaryDATAPlayDicPlayDicUpload04000123060400012306_190036_01204gif,라이선스,20230819  20231119,블루스퀘어 신한카드홀,류정한민영기에녹테이신영숙옥주현리사장은아김보경이지혜이지수웬디윤석원임정모윤사봉김지선이은율홍기주제병진김순택,8세이상,170분 인터미션  20분,더 이상 수식어가 필요 없는 가장 완벽한 뮤지컬역사적 10주년 기념공연으로 돌아온 대체불가 메가 스테디셀러약 13개국 11개 언어로 공연되며 전 세계 2100만 관객을 전율케 한 초대형 흥행작2013년 한국 초연 이후 2022년 여섯 번째 시즌까지 누적 관람객 95만명 기록스릴러의 거장 히치콕의 영화로도 유명한 레베카감동적인 로맨스 반전을 거듭하는 서스펜스 강력한 킬링 넘버유럽 뮤지컬 레전드 극작가 미하엘 쿤체Michael Kunze와 작곡가 실베스터 르베이Sylvester Levay의 마스터 피스영국의 대표 작가 대프니 듀 모리에의 소설을 원작으로스릴러의 거장 알프레도 히치콕의 동명의 영화로도 유명한 뮤지컬 레베카원작을 뛰어넘는 뮤지컬의 탄생이라 불리며 전세계에서 사랑받아온 대작숨막히도록 아름다운 대저택의 비밀이 밝혀진다대한민국 초연 10주년 기념 무대를 꾸밀 대한민국 최정상 스태프와 압도적인 완벽 캐스팅 라인업총괄프로듀서 엄홍현 연출 로버트 요한슨 음악감독 김문정 등 국내외 최고의 스태프 총망라류정한 민영기 에녹 신영숙 옥주현 리사 장은아 김보경 이지혜 등 지난 시즌의 히어로들과테이 이지수 웬디 등 뉴 캐스팅으로 한층 업그레이드된 단 한 순간에 관객을 매혹시킬 레베카 10주년 기념 공연,불의의 사고로 아내 레베카를 잃고 힘든 나날을 보내고 있는 막심 드 윈터그는 몬테카를로 여행 중 우연히 나를 만나 사랑에 빠지게 된다행복한 결혼식을 올린 두 사람은 막심의 저택인 맨덜리에서 함께 생활하게 되는데맨덜리는 아름다웠지만 음산하고 기묘한 분위기를 풍기는 곳이기도 했다마치 죽은 레베카가 살아 숨 쉬고 있는 것처럼맨덜리의 모든 것은 여전히 레베카에게 깊게 물들어 있고집사 댄버스 부인은 시종일관 무표정을 유지하며 나에게 경계심을 드러낸다사랑하는 막심과의 행복한 삶을 꿈꾸던 나는 점점 위축되어 가고오해가 쌓여 막심과의 관계도 위태로워진다나가 자괴감에 빠져 괴로워할 때 레베카의 보트와 시신이 우연히 발견되면서상황은 새로운 국면을 맞이하게 되는데
183052,오페라의 유령,httpticketimageinterparkcomPlayDictionaryDATAPlayDicPlayDicUpload04000122120400012212_183052_01841gif,라이선스,20230721  20231119,샤롯데씨어터,조승우최재림김주택전동석손지수송은혜송원근황건하윤영석이상준이지영한보라박회림김아선,초등학생이상 관람가,150분 인터미션  20분,13년 간의 긴 기다림마침내 한국의 유령이 온다환영과도 같은 무대사라지지 않을 영원한 당신의 첫 감동13년 만에 오페라 하우스의 문이 열린다,거부할수없는 강렬한 이끌림  가면속에 감춰진 아름다운 러브스토리  파리 오페라 하우스  무명 무용수였던 크리스틴은 우연히 새로운 공연의 주인공으로 발탁되고  그녀의 아름다운 노랫소리는 모두를 매료시키며 최고의 프리마돈나로 급부상한다  유령의 초대 그리고 경고  분장실에 홀로 있던 크리스틴은 흰 마스크로 얼굴을 숨긴 채 나타난 유령에게 이끌려  지하미궁으로 사라진다 크리스틴의 실종으로 혼란에 빠진 오페라 하우스에는  유령의 경고장이 한장씩 도착한다  거부할 수 없는 운명  다시 돌아온 크리스틴  하지만 지하미궁 유령의 은신처에서 그의 정체를 알게 된 크리스틴은  공포에 사로잡히고 그녀를사랑하는귀족 청년 라울은 사랑을 맹세하며  크리스틴을유령에게서 구해내기 위해 계획을 세우는데
190718,벤허,httpticketimageinterparkcomPlayDictionaryDATAPlayDicPlayDicUpload04000123070400012307_190718_01103gif,창작,20230902  20231119,LG아트센터 서울 LG SIGNATURE 홀,박은태신성록규현이지훈박민성서경수윤공주이정화최지혜이정열홍경수한지연류수화장혜린문은수김대종이희정문성혁공동환조용휘,8세이상,155분 인터미션  20분,대한민국 창작 뮤지컬의 압도적 수작의 귀환제2회 한국뮤지컬어워즈 대상 무대예술상 앙상블상 수상 및 11개 부문 노미네이트제6회 에그린뮤지컬어워드 앙상블상 수상작품성과 대중성을 모두 만족시킨 대작한국 창작 뮤지컬의 새로운 기준을 정립한 수작이 돌아온다월드클래스 창작 뮤지컬 명가 EMK의 제작 노하우가 더해져 새롭게 탄생할 벤허웅장한 경기장에서 펼쳐지는 마지막 전차 경주파노라마처럼 펼쳐지는 생생한 수중 탈출 장면한 편의 액션 영화처럼 역동적이고 박진감 넘치는 볼거리EMK가 만들어낼 단 하나의 무대 한국 뮤지컬 기술력의 정수를 만난다시대를 뛰어넘은 명작의 재탄생1880년 소설 1959년 명작의 반열에 오른 영화 벤허100년이 넘는 시간 동안 증명된 콘텐츠 파워시대와 언어를 뛰어넘은 명작이 돌아온다,서기 26년 제정 로마의 박해에 신음하는 예루살렘 명망 높은 유대의 귀족 벤허는 로마의 장교가 되어 돌아온 친구 메셀라와 오랜만에 재회한다 숱한 전쟁을 겪으며 살아남은 메셀라는 벤허에게 유대의 폭도 소탕을 도와달라 부탁하지만 벤허는 이를 거절한다다음 날 벤허의 여동생 티르자는 집 옥상에서 그라투스 총독의 행군을 구경하다 기왓장을 떨어뜨리는 사고를 낸다 메셀라는 이를 문제삼아 벤허 가문 전체에 반역죄를 씌운다 억울한 누명을 쓴 벤허는 로마 군함의 노를 젓는 노예가 된다3년 후 벤허가 탄 군함이 해적과의 전투 중 난파되고 사령관 퀸터스의 목숨을 구한 벤허는 자유의 신분을 얻어 로마의 귀족이 된다 생사의 위기를 극복한 벤허는 자신의 모든 것을 앗아간 메셀라에게 복수할 것을 결심한다한편 예루살렘은 나사렛에서부터 유대의 새로운 왕이 온다는 소문으로 술렁이고 마침내 고향으로 돌아온 벤허는 메셀라에 맞서 전차경주장의 출발선 앞에 나란히 서게 되는데
190723,레미제라블  부산,httpticketimageinterparkcomPlayDictionaryDATAPlayDicPlayDicUpload04000123070400012307_190723_01901gif,라이선스,20231011  20231119,부산 드림씨어터,민우혁최재림김우형카이조정은린아임기홍육현욱박준면김영주김성식김진욱김수하루미나윤은오김경록이상아류인아장세린이형준,만 7세이상,nan,시대를 뛰어넘는 마스터피스10년 만의 위대한 귀환한국 라이선스 공연 10주년 기념역대급 프로덕션으로 돌아온다생애 반드시 경험해야 할 세계 BIG4 뮤지컬위대한 명작을 오리지널 스케일로 만날 수 있는 기회,"사랑 용기 희망에 대한 대서사시
기구한 운명의 청년 장발장이 빵을 훔친 죄로 19년을 감옥에서 지낸 후 가석방되지만 전과자에 대한 세상의 배척과 멸시에서 벗어나지 못한다 우연한 기회에 딘뉴 주교의 고귀한 사랑을 경험하게 된 그는 새롭게 인생을 시작하게 되고 시장으로 출세하게 된다 어려운 이들에게 자상한 온정을 베풀어 주는 그에게 시민들은 사랑과 존경을 보내기에 이른다 어느 날 장발장은 딸의 양육비를 벌기 위해 거리에서 몸을 파는 여인 판틴을 구해 돌보게 되지만 법과 제도를 맹신하는 자베르 경감에게 다시 쫓기는 신세가 되고 만다 그는 엄마의 죽음으로 세상에 홀로 남겨지게 된 판틴의 딸 코제트를 구해 수도원으로 잠적하고 10년의 세월이 흐른다 어느덧 아름다운 숙녀로 성장하게 된 코제트는 마리우스라는 학생 혁명가를 알게 되고 그와 사랑에 빠진다 혁명에 참여한 마리우스는 죽음의 위기에 놓이게 되고 장발장에 의해 목숨을 구한다 그의 숭고한 인간애와 박애 정신은 평생 그를 쫓던 자베르 경감의 마음마저 변화시키기에 이르는데"
191013,시스터즈,httpticketimageinterparkcomPlayDictionaryDATAPlayDicPlayDicUpload04000123070400012307_191013_01012gif,뮤지컬,20230903  20231112,홍익대 대학로 아트센터 대극장,유연신의정선민황성현김려원하유진정유지이예은이서영정연홍서영,nan,110분, 세계 속 한류를 이끄는 걸그룹들 과연 그들의 시작은 누구였을까세계적 열풍인 Kpop의 반을 차지하는 걸그룹들 그들은 치열한 경쟁에서 살아남았으며 지금도 최고의자리를 지키기 위해 혹독하게 스스로를 채찍질하는 대단한 근성의 여성들이다 이런 한국 걸그룹 파워가 과연 하루아침에 이뤄진 것일까 혹은 특별한 한국 여성의 유전자가 존재하는 것은 아닐까연출 박칼린은 이렇게 한국 걸그룹 파워의 시작점에 주목했고 그 걸그룹 선조 시스터즈들의 이야기를 뮤지컬로 담아보기로 결심했다 빛바랜 사진 속에서 뮤지컬 무대 위로 화려하게 부활하는 레전드들이 의문의 답을 찾기 위해 연출 박칼린과 전수양 작가는 80여 년 전으로 거슬러 올라갔다 현대와마찬가지로 성하고 스러진 수많은 그룹들 가운데 특히 한국 가요사에 족적을 남긴 시스터즈의 이야기를 극에 담아내기로 결심했다 거기엔 조선악극단의 여성 단원으로 구성된 저고리 시스터를 시작으로 60년대 슈퍼 걸그룹 이 시스터즈 대중음악의 전설 윤복희와 코리아 키튼즈 그리고 20세기 후반 한국 대중음악계를 휩쓴 바니걸즈와 걸출한 예인 인순이를 배출한 희자매 등 거인들이 있었다일제 강점 전쟁 가난 연예인에 대한 폄하 여자 가수에 대한 멸시 등 척박한 환경 속에서도 기어코 살아남아 이름을 떨쳤던 그녀들 특히 라디오가 막 가정에 보급되고 흑백 TV가 전부인 시절에도 사람들의 입에서 입으로 전해지며 유명해지고 실력을 뽐냈던 그녀들의 화려하고 당당한 무대를 오늘날 뮤지컬 무대 위에서 화려하게 부활시켜 보려고 한다연출 박칼린은 쇼 뮤지컬 시스터즈 SheStars가 세 가지 여운을 관객에게 남기는 공연이 되길 바란다 그 첫 번째는 우리 음악 역사에 운명을 개척했던 대단한 여성들이 있었구나 둘째는 역사물인데도 너무 흥미진진하고 재미있는 구성이었다 그리고 마지막으로 그 무대를 채우는 우리 배우들이 정말 시대의 히로인을 표현하기에 손색이 없이 대단하다는 것이다 100분간의 컴팩트한 시간이 그야말로 쏜살같이 흐르는 즐거운 경험을 할 것이라고 공연에 대한 기대를 드높였다 전 배역을 멀티로 소화해 낼 배우들흑백사진 속 인물들을 현실로 불러내 올 시스터즈 SheStars의 배우들은 한국 뮤지컬의 전성기를 이어갈 재능 넘치는 신성들로 구성되었다유연 신의정 김려원 선민 하유진 이예은 정유지 정연 이서영 홍서영 황성현 등 크고 작은 무대에서 빼어난 재능을 뽐냈던 배우들은 모두 까마득한 예인 선배들의 무대를 재현하는 배우로 선택된 것에 기뻐하며 전설들의 완벽한 무대 매너 가창력 카리스마에 누가 되지 않기 위해 저마다 혼신의 노력을 다할 각오를 비추고 있다특히 이 배우들의 무대가 더욱 빛날 것은 참여하는 모든 배우가 멀티 배역으로 여러 역할을 소화한다는 점이다공연에 참여하는 배우는 여배우 10명에 남배우 1명 합쳐 총 11명 그러나 한 공연의 무대 위 출연배우는 단 7명이다 이를 위해 각 배우들은 주역 13인과 단역 34인을 소화하며 고군분투하고 오늘과 내일 소화하는 주요 배역도 달라진다 단일 서사의 북 뮤지컬에서는 좀처럼 볼 수 없는 주연 배우가 주 조 단역을 모두 소화하는 배역 배정은 배우들에게는 새로운 도전정신을 불러일으키고 관객들에게는 흥미로움과 다 회 관람의 가치를 높인다배우들이 이 새로운 시스템을 완벽하게 소화해 낼 때 본인들이 그리는 전설들처럼 목표를 위해 열심히 노력한 예인으로서의 카타르시스를 느끼게 될 것이며 그 에너지는 관객들에게 큰 감동을 선사할 것이다 10인조 밴드와 함께 그 시절의 느낌 그대로 부활할 시대의 히트곡들지휘자 없이 밴드 마스터와 함께 구성된 10인조 밴드와 각 시대 가수들의 드라마틱한 모습으로 분한 배우들은 처녀 합창 울릉도 트위스트 What Id Say 커피 한잔 등 시대의 히트곡들을 그 시절 그대로의 감성으로 되살린다 춤꾼 노래꾼 연주자로 대표되었던 그 시절 엔터 업계의 느낌을 그대로 살려 시스터즈 SheStars의 밴드는 또 하나의 배우로서 무대 위 존재한다 금관악기가 주축이 되는 브라스 밴드가 들려주는 시대의 주법을 되살린 음악 그리고 시스터즈들의 발성과 몸짓을 그대로 재현하는 배우들은 시대의 히트곡들이 왜 관객들의 사랑을 받을 수밖에 없었는지를 증명하는 무대가 될 것이다 멈춘 왁스 뮤지엄이 아닌 생생하게 살아 숨 쉬는 시스터즈들의 시그니처 무대이 공연의 가장 큰 특징은 무대 위 진정한 엔터테이너였던 시스터즈들의 최전성기 전설적 무대를 그대로 재현하는 쇼가 중심이 된다는 것이다 또한 쇼 사이사이에 그 시대 최고의 팝스타가 되기까지 성장 스토리가 드라마틱하게 엮인다 그녀들의 스토리 그리고 옛날 신문 사진 영상 등 팩트가 가미되어 다큐멘터리를 보는 것 같으면서도 어느 순간 생생한 그 시절이 오늘날 허구의 무대에서 화려하게 재생되는 일종의 모큐멘터리 공연이다 하이테크로 완성되는 최고의 아날로그적 무대본 작품 속 무대는 시간과 배경을 초월해서 구성된다일제 강점기의 경성 조선극장 미8군 무대 60년대 라스베가스 호텔 에드설리번 쇼 서울 명동 거리 등 역사 속 다양한 배경이 등장한다 자료화면을 보는 듯한 무대는 어느새 무대 뒤 분장실 화려한 무대로 변하고 시스터즈들은 현란한 조명 속에서 춤추며 노래하다 다시 쓸쓸한 무대 뒤에서 앳된 여인으로 돌아간다 시공간을 초월하는 도구로서 최신 무대 기술은 구현되지만 그 옛날 의존할 기계음 포토샵 하나 없이 오로지 자신들의 실력과 아우라로만 무대를 휘어잡아야 했던 그 시절의 가치와 시대 느낌을 지키기 위해 무대는 하이테크 기술을 통해 더욱더 아날로그적으로 표현된다,일제 강점 전쟁 가난 대중문화에 대한 억압과 편견 등 척박한 환경을 극복하고 항상 당당하고 멋있었던 그녀들 다음 세대 시스터즈들에게 영감이 되었던 엔터테이너 레전드들의 무대가 오늘 뮤지컬 무대 위에서 화려하게 부활한다
191968,삼총사,httpticketimageinterparkcomPlayDictionaryDATAPlayDicPlayDicUpload04000123080400012308_191968_01754gif,라이선스,20230915  20231119,한전아트센터,박장현후이렌유태양민규이건명최대철김형균김신의김현수신인선최오식장대웅조순창안유진류비이윤하지수연서범석강동우,만 7세이상,150분 인터미션  20분,BEST OF BEST멈추지 않는 흥행 더욱 화려하게 돌아온 레전드뮤지컬 삼총사17세기 파리 위대한 전설이 시작된다최고의 이야기꾼 세대와 국경을 넘어 지금까지도 사랑받고 있는대문호 알렉상드르 뒤마의 걸작 삼총사가 무대 위에 펼쳐지다왕실 총사를 꿈꾸는 청년 달타냥과프랑스 왕의 친위부대 삼총사 아토스 아라미스 포르토스 세 사람의 우정과 모험낭만적인 17세기 파리를 배경으로 한 아름답고 웅장한 무대와아크로바틱 검술 등 박진감 넘치는 화려한 액션시대를 넘어 전 세계적으로 사랑받아오며 영화 드라마 시리즈에서 애니메이션까지수많은 장르로 탄생한 한 순간도 눈을 뗄 수 없는 흥미진진한 스토리전설의 팝스타 브라이언 아담스와 스팅 로드 스튜어트의 All For Love를 메인 테마로 하는감미로우면서도 웅장한 넘버국내 최정상 배우들이 거쳐간 삼총사박장현 후이펜타곤 렌 유태양SF9 민규DKZ이건명 최대철 김형균 김신의 김현수 신인선 최오식 장대웅 조순창안유진 류비 이윤하 지수연 서범석 강동우 김상현 엄준식 등실력파 뉴 캐스팅과 베테랑 배우들이 함께 다시 한번 전설을 만든다뮤지컬 삼총사2023년 9월 15일 한전아트센터 개막,17세기 프랑스 가스코뉴 출신의 달타냥은  총사가 되기 위해 파리로 온다  파리의 아름다운 거리에 감탄하던 달타냥은 소매치기를 당하고  이를 잡으려다 세 명의 총사와 마주친다  이들은 다름아닌 유명한 삼총사 아토스 아라미스 포르투스  달타냥을 시골뜨기라 비웃는 삼총사와  겁 없는 가스코뉴 청년 달타냥은 명예를 건 결투를 약속한다  정오를 알리는 시계탑 종소리가 울리고 마침내  달타냥과 삼총사는 결투를 시작하려는데  돌연 붉은 망토의 사나이들이 나타난다  이들은 파리 최고의 권력가 리슐리외 추기경의 근위병들이다  삼총사는 이들과 시비 끝에 결투를 하게 되고  달타냥은 삼총사와 하나가 되어 통쾌한 승리를 거둔다  승리를 자축하며 한바탕 술판을 벌이는 달타냥과 삼총사  달타냥은 그곳에서 마주친 천사 같은 여인 콘스탄스와 사랑에 빠진다  하지만 술판이 무르익어갈 무렵 어디선가 날카로운 비명소리가 들리고  콘스탄스는 의문의 납치를 당하게 된다  달타냥과 삼총사는 납치범이 리슐리외 추기경의  여간첩 밀라디임을 알게되고 힘을 합쳐  리슐리외 추기경의 음모를 밝혀내기로 결의한다  한편 왕실에서는 일주일 후 열리는 왕의 탄신일  준비로 분주하다 하지만 왕은 행방불명되고  달타냥과 삼총사에게는 예기치 못한 음모가 기다리고 있는데
190726,렛미플라이,httpticketimageinterparkcomPlayDictionaryDATAPlayDicPlayDicUpload04000123070400012307_190726_01249gif,창작,20230926  20231210,예스24스테이지 1관,김태한김도빈이형훈방진의윤공주최수진안지환박보검신재범나하나홍지희임예진,8세이상,nan,"MUSICAL
렛미플라이
Let me fly
20239261210 YES24 STAGE 1관
제7회 한국뮤지컬어워즈
작품상  음악상 남우신인상
3개 부문 수상
최근 창작 뮤지컬 초연 중 독보적이다
KOPIS
음악적 서정과 스펙트럼이 강점인 작품 이야기는 재기발랄하다 조선일보
인생에서 빛나는 순간을 만들어준 일상의 위대함에 대한 이야기 글로벌이코노믹
함께하는 평범한 일상의 아름다움을 무대 위에 새긴 작품 위드인뉴스",아폴로 11호가 달을 향해 쏘아 올려진 1969년의 밤동네 최고의 수선장이 남원은 편지 한 통을 받으며불가능할 것만 같았던 패션 디자이너라는 꿈에 한 발짝 다가선다사랑하는 정분이와의 멋진 내일을 꿈꾸던 남원은점점 커지는 달에 놀라 쓰러지고다시 눈을 뜬 곳은 2020년의 어느 날당황스럽고 어리둥절한 남원 앞에영감 지금은 2020년이고 우린 70이야 말하는 선희 할머니가 나타난다2020년이 낯선 듯 익숙한 남원어떻게든 사랑하는 정분이가 있는 1969년으로 돌아가기 위한 미래 탐사를 시작한다
192992,순신,httpticketimageinterparkcomPlayDictionaryDATAPlayDicPlayDicUpload04000123080400012308_192992_01102gif,창작,20231107  20231126,예술의전당 CJ 토월극장,형남희최인형이자람윤제원권성찬송문선고미경금승훈김백현김용한유경아정지만박재은정유희김건혜이영규이홍모조근래최병규이종한,만 6세이상,130분 인터미션  20분,최고의 창작진이 선보이는 서울예술단 창작 신작국공립단체로서 한국적 콘텐츠의 가치 발굴과 새로운 공연 양식 개발에 집중하고 있는 서울예술단은 이지나연출 김문정작곡 이자람작창 등 국내 최고의 창작진들과 가장 대중적인 역사 속 영웅 이순신을 새로운 양식으로 구현한 신작을 선보인다 이순신이 전장에서 집필한 난중일기에 나오는 꿈의 해석을 통해 난세 영웅으로서의 모습과 신하로서의 모습 사이에서 갈등하고 고뇌하는 인간 이순신을 그릴 예정이다 서울예술단의 특징인 무용수들의 군무와 움직임을 통해 전투 장면을 실감나게 표현하고 입체적인 영상과 무대효과를 통해 스펙터클한 장면을 연출하며 동서양의 음악이 더해진 다이내믹한 음악을 바탕으로 한산 명량 노량 등 주요 해전 장면은 판소리로 풀어내는 등 토털 시어터를 지향하고 있는 작품이다,1592년 임진년 4월 어느 날 순신은 불길한 꿈을 꾼다 그의 꿈처럼 임진왜란이 발발하고 전라좌수사에 천거된 순신은 조선의 바다를 지켜 왜적을 막아낸다 한산대첩을 앞둔 순신은 거대한 조각들이 구선을 이루고 철갑이 둘러지는 꿈을 꾼다 거북선의 형상이다 한산대첩에 거북선을 활용한 순신은 승리한다 하지만 전쟁이 계속될수록 악몽에 시달린다 전쟁에 대한 무거움 백성들의 칭송에 대한 버거움 왜군을 피해 몽진한 선조와 왜군과 정면 승부하는 순신이 대조되며 둘 사이의 갈등에 대신들의 차가운 눈초리까지 순신은 나라의 충실한 신하가 되어 살아가라는 그의 이름 순신처럼 살아가고자 발버둥 친다 꿈 속 어머니의 당부처럼 하지만 전쟁에서 승리할수록 순신은 사랑하는 이들을 잃게 된다 어머니와 아들 면까지 순신은 또 다시 꿈을 꾼다 전쟁으로 인해 순신으로 인해 죽은 이들이 나타나 원망한다 이들은 배가 고파 쌀을 훔치고 가족이 보고파 군영을 벗어난 수군들이자 백성들이다 엄격한 수장으로서 어쩔 수 없는 선택을 한 순신 눈물로 용서를 구해보지만 그들은 차갑게 외면한다 어찌하면 그들에게 속죄할 수 있을까 순신을 결심한다 반드시 용서를 구하리라고 이 전쟁의 끝에서 살아서가 아니면 죽어서라도
194463,반짝반짝 백설공주,httpticketimageinterparkcomPlayDictionaryDATAPlayDicPlayDicUpload04000123100400012310_194463_01618gif,어린이가족,20231104  20231119,달밤엔씨어터,nan,전체관람가,50분,"POINT 1
명불허전 최고의 명작동화
빈틈없는 스토리라인

POINT 2
아름다운 음악으로
가득 채워진 풍성한 뮤지컬

POINT 3
탄탄한 연출과
실력있는 배우들의 만남

POINT 4
온가족이 함께하는
즐거운 라이브 가족뮤지컬",하얀 눈처럼 아름다운 백설공주 새엄마 왕비는 그 아름다움을 시기질투하여 사냥꾼을 시켜 백설공주를 죽이려 하지만 사냥꾼은 차마 백설공주를 죽이지 못하고 깊은 숲 속을 헤매던 백설공주는숲 속의 요정들의 도움을 받아 난쟁이들이 살고 있는 작은 집으로 가게 되는데
194225,난쟁이들,httpticketimageinterparkcomPlayDictionaryDATAPlayDicPlayDicUpload04000123100400012310_194225_01143gif,창작,20231101  20240121,플러스씨어터 구 컬처스페이스 엔유,유현석기세중윤석호조풍래류제윤장민수정우연박슬기한보라안상은이경욱선한국서동진남민우주민우이건희,17세이상,120분,내숭은 벗어던진 발칙한 이야기어른이 뮤지컬 난쟁이들2014년 뮤지컬 하우스 블랙앤블루 개발지원작제 3회 서울뮤지컬페스티벌 예그린 앙코르 최우수 작품 선정작2015 2017 한국문화예술위원회 창작뮤지컬 우수재공연 제작지원 선정작발칙신선유쾌 다 있다거침없이 웃기는 웰메이드 창작뮤지컬이 다시 돌아왔다독특한 소재 신선한 시도 그리고 파격적인 웃음으로2015년 초연 이후 매 시즌마다 화제를 모으며 큰 사랑을 받았던창작 뮤지컬 난쟁이들이 넘치는 개성과 에너지로 독보적 웃음 선사할캐스팅으로 2년여 만에 다시 돌아왔다풍자적인 가사를 경쾌한 멜로디로 풀어내 극을 다채롭게 만들며배우들의 익살스러운 연기가 돋보이는 작품조선일보기존의 문법을 완전히 깨부순 발칙하고 유쾌한 창작 뮤지컬B급 코드를 제대로 관통한 뮤지컬의 탄생국민일보박장대소 속에 날카로운 메시지를 숨겨 우리를 둘러싼 현실을 되돌아보게 하는 작품뉴스컬처,왕자와 공주들의 아름다운 사랑이 이루어지는 동화나라그 곳 난쟁이 마을에 난쟁이 찰리와 빅이 살고 있다 그들은 매일 광산에서 하루 종일 보석을 캐지만 아무리 열심히 벌어 봤자 답답한 현실에서 벗어날 기미가 보이지 않는다그러던 어느 날 동화나라에 무도회가 열린다는 공고가 난다 오랜 전통대로 무도회에서 진실한 키스를 하는 커플이 새로운 동화의 주인공이 된다는 소식은 인생 역전의 기회만 노리던 찰리의 심장을 뛰게 한다그는 빅과 함께 재투성이 신데렐라를 공주로 만들어 준 마녀 할머니를 찾아가 왕자를 만들어 달라고 하지만 마녀는 이젠 개천에서 용 나던 시절은 지났다며 마법도 소용없다고 말한다하지만 찰리와 빅은 포기하지 않고 급기야 마녀와 거래를 하게 되는데
192343,옹알스,httpticketimageinterparkcomPlayDictionaryDATAPlayDicPlayDicUpload04000123080400012308_192343_01834gif,창작,20230930  20231231,세우아트센터 2관,조수원조준우채경선최기섭하박이경섭최진영,48개월이상,70분,"3년 만에 대학로에 돌아온 옹알스
여러분들의 성원에 힘입어
앵콜공연을 준비했습니다
대학로에 돌아온
대한민국 코미디

보지 못하는 이에게 듣는 즐거움을  듣지 못하는 이에게 보는 즐거움을  개그맨 동료들과의 봉사활동 중  다문화 가족 장애인들은 언어의 벽 때문에  다양한 문화 체험 기회가 적고  통역 없이 공연물등을 깊이 있게 감상하기 어렵다는 현실을 마주했습니다 남녀노소를 넘어 장애인과 비장애인이 어깨를 나란히 하고 즐길 수 있는 무언의 코미디를 만들어보자는 생각으로 시작하였습니다  2007년 마음이 맞는 코미디언들이 모여 만든 작품으로 시작하여 옹알스는 세계 각국 2600개 팀이 참가한 에딘버러 페스티벌에서 언어의 장벽을 넘어 별 5개를 받고 돌아왔습니다  최고의 작품으로 마임과 저글링 비트박스 등 비언어 장치를 통해 관객들에게 웃음을 선사하는 글로벌 넌버벌 코미디 바로 옹알스입니다","3년 만에 대학로에 돌아온 옹알스
여러분들의 성원에 힘입어
앵콜공연을 준비했습니다
대학로에 돌아온
대한민국 코미디

보지 못하는 이에게 듣는 즐거움을  듣지 못하는 이에게 보는 즐거움을  개그맨 동료들과의 봉사활동 중  다문화 가족 장애인들은 언어의 벽 때문에  다양한 문화 체험 기회가 적고  통역 없이 공연물등을 깊이 있게 감상하기 어렵다는 현실을 마주했습니다 남녀노소를 넘어 장애인과 비장애인이 어깨를 나란히 하고 즐길 수 있는 무언의 코미디를 만들어보자는 생각으로 시작하였습니다  2007년 마음이 맞는 코미디언들이 모여 만든 작품으로 시작하여 옹알스는 세계 각국 2600개 팀이 참가한 에딘버러 페스티벌에서 언어의 장벽을 넘어 별 5개를 받고 돌아왔습니다  최고의 작품으로 마임과 저글링 비트박스 등 비언어 장치를 통해 관객들에게 웃음을 선사하는 글로벌 넌버벌 코미디 바로 옹알스입니다"
193854,더 쇼 신라하다  경주,httpticketimageinterparkcomPlayDictionaryDATAPlayDicPlayDicUpload04000123090400012309_193854_01939gif,뮤지컬,20231021  20231207,경주 엑스포공원 문화센터문무홀,세용유권남경주김동완린지낸시박소현심건우김성현우정민키준박온김유민김경목박솔하유민혜김민주차재영권민주김준일,8세이상,80분,새로운 세상이 펼쳐진다뮤지컬 더 쇼 신라하다2023 경상북도문화관광공사 신라문화기반 창작 뮤지컬 선정찬란한 과거의 신라와 역동적인 현대를 넘나들며 펼쳐지는 쇼 뮤지컬10월 21일 경주엑스포대공원 문화센터 문무홀 개막국내 최고의 창작진과 스타들이 함께하는 공연남경주 김동완 세용마이네임 유권 린지 낸시 박소현 外압도되는 퍼포먼스 신나는 춤과 음악무대의 한계를 뛰어넘는 영상 예술까지무대 위 새로운 세상을 펼친다,2023년 한국 댄스팀 홀스의 리더 처영은 세계 대회를 앞두고 팀원들과 불화를 일으킨다안 그래도 자신보다 실력이 모자란 멤버들 때문에 제 기술을 마음껏 선보이지 못하던 처영은이럴 바엔 차라리 혼자 춤을 추는 것이 낫지 않을까 생각하게 되는데이런 그의 앞에 한 중년 남자가 나타난다자신을 하늘에 바칠 그림을 그리는 사나이라고 소개한 그는처영의 춤이 좋은 영감이 될 것 같았는데 무언가 모자라다며 혼자 혀를 찬다어딘가 이상해보이는 그를 처영이 쫓아내려던 순간갑자기 지진이 난 듯 세상이 흔들리기 시작했다그리고 눈을 떴을 때 처영은 통일 신라에 떨어져 있었다설상가상으로 신라 사람들은 그를 동해 용왕의 아드님이라고 연호하기 시작하는데처영은 무사히 21세기 대한민국으로 돌아갈 수 있을까
193404,빨래,httpticketimageinterparkcomPlayDictionaryDATAPlayDicPlayDicUpload04000123090400012309_193404_01734gif,창작,20231012  20240526,유니플렉스 2관,nan,14세이상,165분 인터미션  15분,"흔들리는 꿈 흔들리는 일상에 불안한 마음이지만
그럼에도 또 하루를 살아내게 하는
당신의 따듯한 이웃이 되어 줄 이야기 뮤지컬 빨래
18년 100만명
5000회의 공연
뮤지컬빨래는 2005년 초연을 시작으로
18년이 넘는 시간 동안
수많은 관객에게 응원과 위로를 선물했습니다
세계로 뻗어나가는
대한민국 대표 창작 뮤지컬
2012 일본 레플리카 진출
2015 중국 MOU 체결
2016 중국 초청 공연
2017 2022 중국 라이선스 공연
꾸준히 인정받은 높은 작품성
2005 제11회 한국뮤지컬대상작사상 및 극본상
2008 SFCC Awards 외신 기자상
2010 제4회 더 뮤지컬 어워즈 작사 작곡상 및 극본상
2017 제6회 2017 예그린 뮤지컬 어워즈 대상",서울살이 5년 차인 나영과 솔롱고  작가의 꿈을 안고 서울에 온 나영은  서점 직원으로 일하며 치이고 치이는 퍽퍽한 서울살이에  꿈은 잊은지 오래다  몽골에서 온 청년 솔롱고는 꿈을 품고 공장에서 일하고 있지만  이번 달 월급조차 밀릴 위기다  어느 가을날 옥상에서 우연히 마주친 두 사람은  바람에 날려 온 나영의 빨래를 계기로 가까워지게 된다  솔롱고는 월급이 밀려 방세를 내지 못해 쫓겨날 위기를 겪게 되고  같은 날 나영은 직장에서 부당한 일에 맞서다 도리어 불이익을 당한다 각자 지친 하루를 안고 집으로 돌아가는 길  두 사람은 힘들고 외로워도 참아야만 했던 서로의 아픔을 알게 된다  일어설 힘도 없어 문 앞에 주저앉은 나영에게  희정엄마와 주인할매는 자신들의 이야기로 위로를 건네고  힘이 되어주는 이웃이 있기에 나영은 다시 일어설 용기를 내어본다  각자의 사연을 안고 살아가는 우리들의 이야기  그리고 우리의 서울살이에 이웃이 되어주는 공연 빨래  빨래처럼 흔들리다 떨어질  우리의 일상이지만  당신의 젖은 마음 빨랫줄에 널어요  바람이 우릴 말려 줄 거예요  당신의 아픈 마음 꾹 짜서 널어요
194470,동화책콘서트  대전,httpticketimageinterparkcomPlayDictionaryDATAPlayDicPlayDicUpload04000123100400012310_194470_01359gif,어린이가족,20231102  20231203,아트그라운드 플래닌,nan,24개월이상,nan,"2018년부터 사랑받아온 마주의 시그니처 공연
All Live 연주와 함께 동화책콘서트가
새로운 시즌으로 돌아왔습니다
소극장에서 펼쳐지는 다채로운 라이브 연주와 생생한 팝업 동화책으로
동화책 속 주인공이 되어보는 특별한 경험을 선사합니다","이건 뭐예요 저건 뭐예요
호기심 많은 룰루랄라는 궁금한 게 너무 많고 하고 싶은 것도 너무 많아요
하지만 어른들은 늘 말해요
안돼 안돼 안돼
어린이들이 상상력을 펼치기엔 세상은 너무 위험해
호기심이 가로막힌 룰루랄라는 동화책을 통해 상상의 세계를 펼쳐가요
동화책에선 무엇이든 할 수 있고 무엇이든 될 수 있으니까
내가 좋아하는 놀이 좋아하는 물건 좋아하는 노래
그리고 룰루랄라가 가장 좋아하는 날은 바로 생일이에요
너의 생일은 언제야 난 너를 축하해 주고 싶은데
그렇다면 달력을 바꿔버리지 뭐
매일매일이 생일 같은 행복한 날이에요
동화책에선 무엇이든 할 수 있으니까
POP UP 동화책과 함께 펼쳐지는 꿈 같은 이야기 속으로
여러분을 초대합니다"
190256,그림책 속 제주이야기,httpticketimageinterparkcomPlayDictionaryDATAPlayDicPlayDicUpload04000123060400012306_190256_01621gif,어린이가족,20231102  20231126,아이들극장,nan,36개월이상,80분,흑룡만리  화룡은 산산조각 돌이 되어라  설문대 할망 화룡과 흑룡 고려시대 밭담에 얽힌 판타지와 역사 이야기    백범  돌이 너무 많아서 밭가에 쌓고 있었습니다 넘어져 걸릴 일도 없고 밭도 말끔해져서요  판관 김구  자 밭에 있는 돌들을 치워라  그 돌로 밭담을 쌓도록 하여라  흑룡  아이고 지겨워 이만하면 됐지 얼마나 더 견뎌야 한단 말이야  설문대할망  잘 지내면 하늘나라로 올려보내고 다시  말썽을 부린다면 산산조각 내버리라는 하늘님의 명령이다  2014년 유엔 세계중요농업유산  으로 등재된 우리의 밭담  동화로 다시 태어나다  청청 거러지라  둠비둠비 거러지라  나도 노래하며 게 잡고 싶다  제주도 함덕 출신 엄마가 들려주는  어렸을 적 추억의 놀이와 상상 이야기    주인공  할아버지는 지금까지 게 몇 마리나  만났을까 게들이 할아버지를 보면 모두  집게를 세우고 달아났을걸  할아버지  게를 잡으려면 게가 숨은 곳에 가서  멸치젓 국물 뿌려주고 코생이 어렝이 매달아  돌 틈새 담가 놓고 노래를 부른단다  우리엄마  새끼돼지 팔지 못해 살 것도 못 사고 온  엄마는 화가 났는데 딸은 새끼돼지 돌아왔다고 기뻐서 빙글빙글 춤을 추네  할머니  바다가 막 주는 날에는 욕심내지 말고  명심해서 할머니 바다에 조금은 남겨두고 돌아 나와야 한단다  제 3회 한국지역출판대상  천인독자상 공로상 수상작  제주의 가치를 지키는 작가 김정희의  그림책이 체험형 가족극으로 실현되다,안녕 내 이름은 백범이야 이렇게 돌을 쌓아두면은 돌에 걸려 넘어지지 않고 밭도 구분할 수도 있지    나랑 같이 놀면서 우리가 어떤 놀이를 하면서 놀았었는지 같이 경험해보지 않을래      안녕 나는 도아라고 해 멋진 해녀가 꿈이라서 애기해녀학교에 들어왔어         안녕 내 이름은 올레야 나와 같이 숨비소리를 따라 엄마를 찾으러 가자    흑룡만리        화룡은 산산조각 돌이 되어라        설문대 할망 화룡과 흑룡 고려시대 밭담에 얽힌 판타지와 역사 이야기        백범돌이 너무 많아서 밭가에 쌓고 있었습니다 넘어져 걸릴 일도 없고 밭도 말끔해져서요    판관 김구 자 밭에 있는 돌들을 치워라 그 돌로 밭담을 쌓도록 하여라    흑룡 아이고 지겨워 이만하면 됐지 얼마나 더 견뎌야 한단 말이야    설문대 할망 잘 지내면 하늘나라로 올려보내고 다시 말썽을 부린다면 산산조각 내버리라는 하늘님의 명령이다    청청거러지라 둠비둠비 거러지라        나도 노래하며 게 잡고 싶다        제주도 함덕 출신 엄마가 들려주는 어렸을 적 추억의 놀이와 상상 이야기            주인공 할아버지는 지금까지 게 몇 마리나 만났을까 게들이 할아버지를 보면 모두 집게를 세우고 달아났을걸    할아버지 게를 잡으려면 게가 숨은 곳에 가서 멸치젓 국물 뿌려주고 코생이 어렝이 매달아 돌 틈새 담가 놓고 노래를 부른단다    우리엄마 새끼돼지 팔지 못해 살 것도 못 사고 온 엄마는 화가 났는데 딸은 새끼돼지 돌아왔다고 기뻐서 빙글빙글 춤을 추네    할머니 바다가 막 주는 날에는 욕심내지 말고 명심해서 할머니 바다에 조금은 남겨두고 돌아 나와야 한단다
164746,프리즌,httpticketimageinterparkcomPlayDictionaryDATAPlayDicPlayDicUpload04000121040400012104_164746_01341gif,창작,20210501  20231231,에이치씨어터,손동진최승환홍차민안중현김세훈신연우하준석이강오김동훈추정민조웅희윤선우한미래장수빈강유진,만 7세이상,100분,"13년간 사랑받아 온
대학로 필수 뮤지컬
여성관객 공연만족도 1위
창작 코믹 뮤지컬 예매율 1위
가족선호 예매율 1위",락 밴드 연습생들 감옥 가다  가수의 꿈을 안고 혹독한 준비를 해왔지만 사기를 당한 청년들  갚을 돈을 만들기 위해 은행털이까지 결심하지만  준비 부족으로 결국 경찰에게 포위되고 만다  훔친 현금을 어딘가 숨겨놓은 채 교도소에 들어간 일당은  탈출 후 현금을 찾아 해외 도피 계획을 세우지만 쉽지가 않다  설상가상 함께 수감된 방장을 재밌게 해야 하는 이유로  매일 춤과 노래 트레이닝을 당한다  얼마 후 기발한 아이디어로 탈옥에 성공한 이들은 돈을 숨겨둔  은행을 찾아가지만그 자리엔 은행 대신 클럽이 생겨났다 숨겨진 현금을 찾기 위해 클럽에 밴드로 취직한 이들은 경찰의 추적을 피해 다양한 콘셉트로 변장해 밴드로 활동하기에 이른다 숨겨둔 돈은 보이지 않고 밴드는 점점 유명세를 얻기 시작한다 그러던 어느 날 이들에게 음반 출시 제안이 들어오고  그 음반은 대박행진을 치게 되는데  운명의 나침반은 앞으로 이들에게 어떤 방향을 안내할까
193773,오즈의 의류수거함,httpticketimageinterparkcomPlayDictionaryDATAPlayDicPlayDicUpload04000123090400012309_193773_01702gif,창작,20231103  20231231,대학로 시온아트홀,nan,만 7세이상,80분,오즈의류수거함  본 공연은 서울특별시 2023 서울형 창작극장으로  선정지원받는 소극장에서 진행되는 기획공연입니다  제3회 자음과모음  청소년문학상 수상작  청소년 베스트셀러  시간을 파는 상점의 뒤를 이은  제3회 자음과모음  청소년문학상 수상작  책따세추천도서  세종도서 문학나눔선정도서  국립어린이청소년도서관 1318 추천도서  울산공공도서관 행복 독서운동 올해의 책 선정  예스24 전자책 분야 베스트셀러 선정  혼자였던 너와 내가 만들어낸 기적  외로움의 연대가 만들어내는 치유의 힘  흥미로운 소재  탄탄한 구성안정된 대사속펼쳐지는 이야기는  관객들에게 위로를 건넨다,외고 시험에 불합격하고  자신의 처지를 비관하던 도로시는  돈을 벌어 호주로 떠날 것을 결심한다  그 때 운명처럼 눈에 띈 의류수거함  도로시는 그날부터 밤마다 의류수거함 속의  헌 옷을 빼내어 구제 의류샵을 운영하는  마녀에게 팔아 넘긴다  그렇게 거리의 노숙자와 폐지할머니 등  낮의 세계에서는 만날 수 없는 사람들과  친구가 되는 도로시  그러던 어느 날  195번 의류수거함에서  핸드폰 상장 그리고 일기장을 발견하게 된다  자신의 아픔이 떠오른 도로시는 사정사정해서 겨우  195를 만나게 되고  모든 준비가 끝났다는  195의 결심을 돌이키기 위한 도로시와 밤 친구들의  리본Reborn 프로젝트  과연 195는 마음을 돌릴 수 있을까
194902,헨젤과 그레텔의 과자 콘서트  청주,httpticketimageinterparkcomPlayDictionaryDATAPlayDicPlayDicUpload04000123100400012310_194902_01728gif,어린이가족,20231023  20231215,오즈아트홀,nan,전체관람가,40분,"헨젤과그레텔의 과자콘서트
미아방지예방 유괴예방 어린이뮤지컬입니다",낯선 곰을 따라가다가 길을 잃은 헨젤과 그레텔  곰의 과자집을 먹다가 유괴를 당한다  낯선 곰을 따라가면 위험한데  친구들의 도움을 받아 미션을 해결하며 탈출하려는 헨젤과 그레텔은 과연 성공할 수 있을까  헨젤과그레텔이 알려주는 미아방지 예방법  헨젤과그레텔이 완성하기 힘든 미션을 관객친구들이 도와준다  과자집을 완성하라 과자로악기를 만들어라 악기로과자를 만들어먹어라
191356,셰프,httpticketimageinterparkcomPlayDictionaryDATAPlayDicPlayDicUpload04000123070400012307_191356_01040gif,퍼포먼스,20230801  20231231,명보아트홀 가온홀,nan,36개월이상,75분,100 라이브로 선보이는 폭발적인 에너지의 비트박스  꿀복근을 자랑하는 비보이의 현란한 움직임  어디에서도 볼 수 없는 셰프들의 섹시한 피날레로  레스토랑이 들썩거린다  100 라이브 비트박스와  비보잉의 재발견  특수 효과음이나 녹음이 아닌 100 라이브로 만들어진  세련된 비트박스로 음식을 만드는  과정을 역동적인 비보잉으로  풍성한 사운드와 화려한 시각적인  공연 전체를 관통하는 코미디  셰프의 차별화된 강점은 바로 코미디이다  배우의 표정 하나 몸짓 하나도 철저히 계산되어  극 전체에 슬랩스틱 코미디를 자연스럽게 녹였다  원초적이고 허를 찌르는 코미디는  살아있는 웃음을 만든다  또한 관객참여형 공연인 셰프는 매번 다른 관객들의  참여를 유도하여 예상치 못한 웃음을 유발한다  재미가 더해진 뮤지컬 셰프 전세계 최고 수준을 자랑하는 비보잉과 비트박스가 어우러져  폭발적인 무대를 선보인다  넌버벌 퍼포먼스의 역사  최철기사단의 노하우 결정체,비트박스와 비보잉으로 최상의 요리를 선보이는 레스토랑  자신의 요리비법이 최고라고 생각하는  두세프의 불꽃 튀는 요리대결이 시작된다  과연 오늘의 승자는 누가 될 것인가  전세계에서 몰려든 손님들 사이에서 들려오는 주문소리 띠링  재료손질부터 요리를 손님에게 전달하기까지  단 한 순간도 평범하지 않은 좌충우돌 레스토랑  하지만 100 라이브 비트박스와 전 세계 최고기량의 비보잉으로 만들어낸 요리는  손님들의 감탄사를 쏟아내게 한다  스시 피자 치킨누들의 주문이 끝나고 마지막 비빔밥 주문이 들어오는데  최고의 요리사로 선택받기 위한 그린셰프와 레드셰프의 치열한 승부 결국 두 셰프의 숨겨진 비법이 공개되는데
193702,시스터 액트  부산,httpticketimageinterparkcomPlayDictionaryDATAPlayDicPlayDicUpload04000123090400012309_193702_01100gif,라이선스,20231104  20231111,센텀시티 소향씨어터 신한카드홀,nan,8세이상,150분 인터미션  20분,인어공주 미녀와 야수 알라딘 포카혼타스 라푼젤 등  아카데미상 8개 그래미 어워즈 11개 골든 글로브 7개 토니상 6개를 수상한 영화 음악의 거장 알란 멘켄  뮤지컬 시스터 액트는 전 세계인이 사랑한 전설적인 작곡가  알란 멘켄이 선택한 그의 첫 번째 브로드웨이 뮤지컬이다  그는 절반의 음악을 폐기해야 할 만큼  험난한 제작 과정을 겪었다고 고백과 동시에  뮤지컬 시스터 액트의 애정을 과시했다  디스코 가스펠 블루스 등 다양한 장르로 시스터 액트에  새로운 생명을 불어넣은 그의 음악에 대해 한 매체는  시스터 액트를 영화와 다르게 만들어 준 것은 바로 음악이라며 펑크와 디스코의 완벽한 조화를 극찬했다,Deloris youre fabulous baby  클럽에서 삼류 가수로 일하는 들로리스는  우연히 암흑가의 거물인 커티스의 범죄 현장을 목격한다  잡히기만 하면 당장 목이 비틀릴 상황에 놓인 그녀는  그 순간부터 쫓기는 신세가 된다  경찰에 신고한 들로리스는 증인이 될 것을 약속하고 보호를 받는데  경찰에서는 그 누구도 상상할 수 없는 곳  외부와 단절된 수녀원에 들로리스를 숨긴다  수녀로 변신한 들로리스는 엄격한 생활방식과  보수적인 수녀원장의 감시 아래  답답함을 느끼며 몸부림치기 시작한다  수녀원에서 매일매일 말썽을 피우던 어느 날  들로리스의 손에 성가대 지휘봉이 주어지고  그녀만의 넘치는 에너지와 매력적인 목소리는  성가대의 재미있고 파격적인 공연으로 탄생 큰 감동을 선사한다  이를 계기로 들로리스는 수녀원에서 유명인사가 되지만  그녀의 위장이 들통나면서 위험에 빠지게 되는데
194005,누가 내 머리에 똥 쌌어  부천,httpticketimageinterparkcomPlayDictionaryDATAPlayDicPlayDicUpload04000123090400012309_194005_01117gif,어린이가족,20231107  20231119,한국 만화박물관 내 만화영화상영관,nan,전체관람가,50분,독일의 유명작가 베르너 홀츠바르트 원작의 아이들에게 친숙한 똥을 소재로 많은 사랑을 받고 있는 작품이다 어느날 해가 떴나 안 떴나 보려고 땅 위로 고개를 내민 두더지의 머리 위에 똥 무더기가 떨어진다 잔뜩 화가 난 두더지는 범인을 찾으러 나서고 토끼 젖소 말 등 여러 동물들을 만난다 하지만 똥 전문가 파리가 알려준 진짜 범인은 따로 있었으니,두더지에게 정말로 화가 나는 일이 생겼어요  어느 날 해가 떴나 안 떴나 궁금해 땅 위로 머리를 내미는 순간  똥무더기가 머리에 떨어진 거예요  화가 난 두더지는 누가 자기 머리에 똥을 쌌는지 찾으러 길을 나섰지요  토끼 염소 젖소 말 등 여러 동물에게 물어봤지만  모두 자신들의 똥을 보여 주며 아니라고 합니다  두더지는 마침내 똥에 대한 전문가인 파리를 만나 물어보았답니다  파리는 두더지 머리 위의 그 똥은 정육점 집 개 한스의 똥이라고 알려주지요  두더지는 한스에게 과연 어떻게 복수했을까요
194189,까먹어도 될까요,httpticketimageinterparkcomPlayDictionaryDATAPlayDicPlayDicUpload04000123090400012309_194189_01423gif,어린이가족,20231025  20231118,광진어린이공연장,nan,36개월이상,50분,마음을 그리는 작가 유은실의 첫 번째 뮤지컬  한국어린이도서상 수상  IBBY 어너리스트 선정  동화 까먹어도 될까요의 포근하고 사랑스러운 이야기와  김길려 음악감독의 아름다운 선율이 만난  창작뮤지컬이 찾아옵니다,까먹마을에 사는  다람쥐들의  포근하고 따뜻한 이야기  깊은 산 까먹마을 잘 까먹는  다람쥐들이 살고 있었습니다  단단한 도토리 껍데기도 잘 까먹고  겨우내 먹을 도토리 묻은 곳도 잘 까먹고  하지만 우리 아기 다람쥐 줄무늬는  도토리를 빨리빨리 찾아서  많이많이 묻을 때마다 억울했어요  못 찾은 도토리가 썩어버리는 것도 친구들이 자기 도토리를 까먹는 것도  66  좋아 나는 안 까먹는 법을 알아내겠어  99  각종 수소문과 갖은 훈련 끝에  정말 안 까먹는 법을 알아내게 된 줄무늬  그런데 다른 다람쥐들은 줄무늬가 힘들게 알아낸  쥐람다 쥐람다 안 까먹는 법엔 도통 관심이 없이  그저 하루하루 까먹으며 사는 것에 만족할 뿐  이에 상심한 줄무늬는 홀로 마을을 떠나  안 까먹는 다람쥐로 살아가기로 마음 먹는데
194661,무지개 요정 올리볼리  광주,httpticketimageinterparkcomPlayDictionaryDATAPlayDicPlayDicUpload04000123100400012310_194661_01854gif,어린이가족,20231107  20231119,광주 유스퀘어문화관 동산아트홀,nan,24개월이상,70분,하늘에 무지개가 뜨면 차들은 속도를 늦추고 길 위에 사람들은 잠시 하늘을 올려다 보며 사랑하는 사람에게 전화를 하거나  사진을 찍어 주위 사람들과 공유를 한다  무지개는 생각지 못한 순간에 나타나  점점 마음의 여유가 없어지는 많은 사람들의  가슴을 잠시나마 무지개 빛으로 물들이고 금새 사라진다  아름다운 무지개의 끝은 어디이고 그 끝에는 어떤 요정들이 살까  이런 어릴 적 상상이 무지개 요정 올리볼리로 태어나게 되었다  그리고 이 이야기는 우정과 용기 희망에 관한 이야기이다 올리볼리와 함께 모험을 하며 용기를 얻고 희망을 잃지 않으며 친구들의 소중함을 함께 느꼈으면 한다  더 나아가서는 모든 아이들이 무지개 요정이 되어서  먹구름 괴물과 황사 괴물을 만든 환경오염으로부터 지구를 깨끗하고 아름답게 지키기 위해 함께 싸웠으면 한다 그러다 힘이 들 땐 잊지 말기를 우리는 혼자가 아니라는 거 무지개 요정 올리볼리를 함께 한 모든 관객분들의 가슴에 무지개 빛 사랑이 가득 넘치길,일곱빛깔 무지개 요정이 사는  무지개가 시작되는 곳 아름다운 무지개 숲  어느 날 심각한 환경오염으로 인해 생겨난  먹구름 괴물과 황사 괴물이  무지개 숲으로 쳐들어온다  괴물들에게 친구들이 잡혀가게 되고  둘만 남게 된 올리와 볼리  친구들을 위해 그리고 사라져버린 무지개를 지키기 위해  용기를 내어 모험을 시작하게 된다  수호신의 도움으로 무지개 동굴에 도착한 올리와 볼리  그 동굴에서 괴물들보다 더 무시무시한 악마를 만나는데  올리볼리는 무지개 피리를 구해 무사히  친구들을 구하고 무지개를 지킬 수 있을 것인가
181148,김종욱 찾기,httpticketimageinterparkcomPlayDictionaryDATAPlayDicPlayDicUpload04000122110400012211_181148_01708gif,창작,20221118  20231130,브릭스 씨어터 구 콘텐츠 그라운드,김시울이재형정현준홍차민김건영김소정김재희배다솜서지우심설빈문준혁박형석안지후윤병일이광진,만 7세이상,100분,"대한민국 1등 창작뮤지컬
제12회 한국뮤지컬대상 2관왕
제1회 더뮤지컬어워즈 4관왕
제11회 대한민국 국회대상 올해의 뮤지컬상
2018 대한민국 한류대상뮤지컬상수상 한중일 최초 라이선스 판매 뮤지컬 120만 관객 돌파 10개 도시 공연 공연관람 만족도 97점
데이트 No1 뮤지컬
김종욱 찾기"," 이름은요
김종욱이요
나이는요
사는 곳은
전화 번
몰라요
몰라요
몰라요
김종욱 이름 석자 빼곤 아는 게 없다
첫사랑 찾기 주식회사첫 고객의 첫사랑을 찾아야 한다
과연 그 여자는 첫사랑 김종욱을 만날 수 있을까"
192173,판,httpticketimageinterparkcomPlayDictionaryDATAPlayDicPlayDicUpload04000123080400012308_192173_01923gif,창작,20230919  20231126,대학로 티오엠 1관,김지철문성일현석준원종환김지훈김국희박은미김지혜박란주송영미류경환김효성임소라서원최영석,14세이상,110분,세상 눈치보지 않고  이야기를 들을 수 있는 곳  8년만에 다시 대학로로 돌아온  뮤지컬 판  새로운 무대 새로운 연출 새로운 풍자 무대 위에서 제대로 벌어지는 놀이 한 판  어두운 시대적 상황 속에서도 결국 끝까지 살아남는건  오늘을 살아가고 있는 평범한 사람들의 이야기  뮤지컬 판이 보여줄 이야기의 힘,19세기 말 조선  서민들 사이에서 흉흉한 세상을 풍자하는 패관소설들이 퍼지자  세책가를 중심으로 소설들을 모두 거둬  불태워버리라는 명령이 떨어진다  과거시험에는 별다른 관심이 없던 부잣집 도련님 달수는  어느 날 세책가 앞에서 우연히 보게 된 이덕에 반해  한 매설방 앞에 당도하게 된다  시대를 읽는 눈을 가진 밝은 여성  춘섬이 운영하는 매설방에서 이덕은 이야기를 읽는  전기수를 위한 소설을 필사하고 있다  달수는 그곳에서 조선의 여인들을 이야기로 홀린  희대의 전기수 호태를 만나  금지된 이야기의 맛에 서서히 빠져들고  급기야 호태를 따라다니며 낭독의 기술까지 전수받게 되는데
192425,위윌락유,httpticketimageinterparkcomPlayDictionaryDATAPlayDicPlayDicUpload04000123080400012308_192425_01518gif,라이선스,20230922  20231231,더굿씨어터,곽동현박현규박준희동명연호이소정장연경정예인한유란황한나신현묵백승렬하웅환황인욱이재웅박신형유정우엄채윤박찬우장준환,8세이상,110분,AMAZING ROCK MUSICAL IS HERE전 세계 1500만 관객을 열광시킨 뮤지컬 속 주인공들이2023년으로 타임슬립을 했다미스터빈을 집필한 영국의 인기작가 벤 엘튼 원작QUEEN의 주옥 같은 명곡들실력파 국내 크리에이티브 팀이 탄생시킨 새로운 스토리전설의 록밴드 QUEEN의 음악으로 구성된최고의 뮤지컬 의 스핀오프 에피소드강렬한 록음악과 트렌디한 팝안무의 놀라운 콜라보다채로운 영상과 원작의 의상이 만들어내는 화려한 볼거리소극장에서 펼쳐지는 어메이징 록뮤지컬즐겨라 노래하라 열광하라WELCOME TO THE QUEEN WORLD,전설의 기타를 뽑아들고 달릴 거야 널 다시 만날 때까지2223년 픽셀 휴먼 킬러퀸이 지배하는 아이플래닛이 되어버린 지구 모든 인간은 슈퍼컴퓨터에 의해 정해진 인생만을 살아야 하고 이를 따르지 않을 시 사살된다사랑과 음악 선택의 자유가 빼앗긴 인간들 중엔 아이플래닛과 대항하기 위해 혁명군들이 결성되고 그들을 우리는 보헤미안이라고 부른다보헤미안의 대장 갈릴레오와 스카라무슈는 아이플래닛의 슈퍼컴퓨터를 폭파하기 위해 그들의 심장부로 잠입하지만 킬러퀸의 총사령관 카쇼기에 의해 스카라무슈가 죽고 만다갈릴레오는 어느 우주에선가는 스카라무슈가 살아있을 거라 생각하고 다시 그녀를 찾기 위해 전설의 기타를 뽑아들고 200년 후의 과거로 들어서는데과연 갈릴레오는 이곳에서 스카라무슈를 만나 다시 사랑을 이룰 수 있을까그리고 2223년의 지구를 아이플래닛으로부터 구해낼 수 있을까
193975,아기돼지 삼형제,httpticketimageinterparkcomPlayDictionaryDATAPlayDicPlayDicUpload04000123090400012309_193975_01523gif,어린이가족,20231003  20231130,스타스테이지 구 원패스아트홀,nan,24개월이상,50분,"아기 돼지 삼형제는 조셉 제이콥스의 동화로
전세계인의 많은 사랑을 받은 작품입니다
관전 포인트
하나 원작보다 개성과 재기가 넘치는 캐릭터들
둘 교훈과 감동 두 마리 토끼를 잡다
셋 옛 관람하는 아이 어른 모두가 즐길 수 있는 참여형 공연"," 놀기 좋아하는 첫째 돼지의 얼렁뚱땅 볏단 집 게으름뱅이 둘째 돼지의 엉성엉성 나무집 부지런한 셋째 돼지의 차곡차곡 벽돌집 나쁜 늑대의 입김을 막을 수 있는 가장 튼튼한 꼬마 돼지의 집을 찾아보세요
1 옛날 어느 마을에 우애 좋은 아기 돼지 삼형제가 살고 있었어요 그러던 어느 날 늑대가 돼지를 잡아먹으려 한다는 소식을 들은 삼형제는 똘똘이의 지혜로 집을 짓기로 했답니다
2 첫째 돼지 뚱이는 집 짓기가 귀찮아서 게으름을 피우다가
볏단집을 지어 늑대에게 집을 잃고 도망을 갔어요
3 둘째 돼지 먹보는 먹는 데만 열중해서 나무집을 지었다가 늑대에게 집을 잃고
뚱이와 함께 셋째 똘똘이의 집으로 도망을 갔답니다
4 셋째 똘똘이의 집은 튼튼한 벽돌집이었어요
늑대는 다양한 방법으로 집을 무너뜨리려 했지만 똘똘이의 집은 절대 무너지지 않았어요
5 늑대는 꾀를 내어 굴뚝으로 몰래 들어가려 했지만 이를 알아챈 아기돼지 삼형제는 늑대의 꼬리를 잘랐어요
6 늑대는 비명을 지르며 도망을 가고 아기돼지 삼형제는 게으름을 피우거나 먹기만 해선 안 된다는 교훈을 얻고 사이좋게 오래오래 행복하게 살았답니다"
194128,인사이드미,httpticketimageinterparkcomPlayDictionaryDATAPlayDicPlayDicUpload04000123090400012309_194128_01037gif,창작,20231013  20231231,JTN 아트홀 2관,nan,전체관람가,110분,창작뮤지컬 인사이드미 내 안의 또 다른 나를 만나는 시간,올해의 인플루언서 상을 받는 인별  하지만 진짜 이름인 복지와  IS인별로 살아가는 삶은  너무 다르기만 하다  결국 SNS에 중독된 인별은  남자친구 진혁과 헤어지게 되고  두 사람은 나도 잘 모르고 있던  진짜 내 안의 또 다른 나  만나게 되는데
194688,마술사 제이티의 과학실험실  부천,httpticketimageinterparkcomPlayDictionaryDATAPlayDicPlayDicUpload04000123100400012310_194688_01145gif,어린이가족,20231029  20231119,솔안아트홀,nan,24개월이상,50분,수입소재 단 세가지에  대한민국 기둥산업인 반도체 산업이 흔들리고 코로나19 바이러스균에 의해  전세계가 마비된 상황은  과학기술산업의 가야 할 길이 멀고  그 중요성과 필요성이  높음을 깨닫게 해주었습니다  본 작품은 재미있는 과학마술공연을 통해  미래사회의 주역인 우리 아이들이  더욱 쉽게 과학에 호기심과 흥미를 갖고  과학 꿈나무로서의 동기부여가 될 수 있도록 과학에 마술을 접목시켜 만들어진  재미와 유익함이 가득한 작품입니다,마술사 제이티가 과학실험실에서 친구들에게 보여 줄  새로운 마술을 만들어 내기 위해  실험을 시작하며 벌어지는 이야기  단순한 과학실험이 아닌  신나는 음악과 화려한 매직퍼포먼스와 함께하는  지루할 틈이 없는 오감으로 즐기는  볼거리와 체험이 가득한 공연  진짜 과학실험실에 있는 듯한 착각을 일으키는 웅장한 대형과학실험세트들  과학퀴즈를 맞추면 마술도구 선물까지
167758,알사탕,httpticketimageinterparkcomPlayDictionaryDATAPlayDicPlayDicUpload04000121080400012108_167758_01206gif,어린이가족,20210918  20240303,서울숲 씨어터 1관,안진영이지민박혜진홍동하김나혁김하얀문용현김대운,12개월이상,60분,"세계적인 작가 백희나의 그림책 알사탕
마음까지 따뜻하게 해줄
마법 같은 이야기가 뮤지컬로 실현되다
고여
보러와
백희나 원작 그림책 알사탕
2023 프레미오 안데르센상 올해의 책 선정
2019 일본그림책 대상 번역그림책상  독자상 동시 수상
중국 일본 대만 등 해외 번역본 출간
2018 IBBY국제아동청소년도서협회 Honour List 선정작
일본 MOE 그림책 서점대상 2018 수상
작가 백희나
어린이는 물론 어른까지 한달음에 동심의 세계로 돌아가게 만드는
기발한 상상력 넘치는 유머 그리고 가슴 뭉클한 감동
2023년 수퍼프레미오 안데르센  괄티에로 추모상 수상
2022년 보스턴 글로브 혼북 명예상 수상
2020년 아스트리드 린드그렌상 수상
2013년 제53회 한국출판문화상 어린이청소년 부문 수상
2005년 볼로냐 아동도서전 올해의 일러스트레이터 수상
알사탕
이상호스 손시
이상한 엄마
삐약이 엄마
20192021 알사탕 유아 도서 부문 판매 1위
2018 상반기 이상한 손님 알사탕 유아 도서 부문 판매 1위
2019 나는 개다 유아 도서 부문 판매 2위
교보문고 종합베스트셀러온오프라인 유아 판매부문 기준
CHO


 KIDS No1
유아 도서 부문 베스트셀러 작가 백희나와 어린이 공연 넘버원 제작진의 만남",그건 알사탕이야 아주 달지  1 여  문방구에서 산 알사탕 한 봉지  사탕한 알을 입에 넣자  원래는 들을 수 없던 소리가 들린다  동동아 동동아  마법의 사탕이 들려주는 마음의 소리  다음엔 또 누구의 소리가 들릴까
174075,아기돼지야 준비해  청주,httpticketimageinterparkcomPlayDictionaryDATAPlayDicPlayDicUpload04000122040400012204_174075_01804gif,어린이가족,20220423  20240204,소극장 쇠내골,허선우이혜림박선령조재문,전체관람가,60분,준비하는 아기돼지 VS 생각하는 늑대늑대로부터 집을 지켜라원작 아기돼지 삼형제를 뮤지컬로 개성 넘치는 삼형제가 보여주는 색다른 재미삼형제의 집 짓기를 함께 도우며 생활안전에 대해 알아가자 참여하며 배우는 생활안전교육 뮤지컬,늑대가 들어오지 못하게 미리미리 준비하는 거야한 마을에 아주 귀여운 아기돼지 삼형제가 살고 있었어요형제는 노래도 부르고 춤도 추며 평화로운 일상을 보내고 있었죠그러던 어느 날 배고픈 늑대가 나타나서 이들의 평화로운 일상이 깨졌어요위기에 처한 아기돼지 삼형제는 각자 자신만의 방법으로 해결책을 찾아보는데
174445,당신만이,httpticketimageinterparkcomPlayDictionaryDATAPlayDicPlayDicUpload04000122050400012205_174445_01050gif,창작,20220527  20231231,JTN 아트홀 3관,장인혁박민승박준성이일진손예슬이민지박세웅차은진권성민이태이신예준,미취학아동 입장불가,120분,"뮤직드라마 당신만이 추천합니다
결혼생활이 궁금하시죠
열애 중인 연인들 예비부부들
옆에 있는 그 사람에게 확신이 없나요
답을 드립니다 어서 보러 오세요
사랑이 아닌 정으로 사는게 부부다
어느새 서로가 너무 익숙해져 버린 부부들 사랑한다 말하기가
망설여지시나요 가끔 꼴 보기 싫으실 때도 있으시죠
당신만이를 보면 알 수 있습니다
다른 누구도 아닌 내 옆 그 사람이 바로 나의 동반자라는 것을
대학로에서 유일한 가족공연 당신만이
가족이 함께 볼 수 있는 공연을 찾으시나요
남녀노소 모두 공감할 수 있는 우리들의 이야기를 노래하는 당신만이
부모님 모시고 자녀들 데리고 놀러 오세요",일년에 치를 제사가 무려 8번  오늘도 제사 때문에 등골이 휘는 필례는  남편봉식을 짐꾼으로 달고 장을 보러 나섰다  한 푼이라도 아끼려고 콩나물 값 50원을 두고  실랑이를 벌이는 필례가 부끄럽기만 한 봉식  콩나물 값 50원에서 시작한 이 싸움은  제사상에 올릴 정종 병나발 사태까지 이어지고  급기야 이혼을 선언하는 필례  버럭질 최강에 무뚝뚝한 봉식과  변덕쟁이 쌈닭 본능의 경상도녀의 필례  과연 이 부부의 37년간 러브스토리는  순탄하게 이어질 것인지
175240,난타  명동,httpticketimageinterparkcomPlayDictionaryDATAPlayDicPlayDicUpload04000122050400012205_175240_01026gif,퍼포먼스,20220708  20240331,명동 난타 전용관,nan,12개월이상,90분,"NANTA
26년 장기 공연의 힘 1470여만 관객의 이유있는 선택",세 명의 요리사가 하루 일과를 시작한다  즐겁게 요리를 준비하는 동안 지배인의 깜짝 등장  잡채 인절미 크림케이크 등등등 다짜고짜 요리 목록을 읊으며  예정에 없던 결혼식 파티를 준비하라는 깜짝 명령  설상가상 낙하산 주방장인 매니저의 조카는  잠시도 눈을 뗄 수 없는 천방지축 사고뭉치였던 것  주어진 시간은 오직 한 시간  과연 이 사총사가 모여 완벽한 결혼 파티를 준비 할 수 있을까  볼수록 추천하고 싶어지는 단 하나의 두드림  당신을위한파티는 지금 다시 시작한다
175832,써니텐,httpticketimageinterparkcomPlayDictionaryDATAPlayDicPlayDicUpload04000122060400012206_175832_01859gif,창작,20220708  20231130,대학로 하마씨어터,임재혁렉스한수인최하선배기성권도윤,만 10세이상,100분,"백분간 펼쳐지는 주옥같은 메들리의 향연
사랑의 빠지는 시간 순간 찰나
써라운드입체음향
즐기는 최고의 하모니
뮤지컬 써니텐",지난 사랑의 상처로 더 이상 사랑은 믿지 않는다  운빨 하난 끝내주는 워커홀릭 혜영에게 꿈에 그리던  영국 유학의 기회가 찾아온다  하지만 유학 허락과 함께 주어진 아빠의 조건  바로 소개팅  네가 먼저 차는 건 안돼 혹시 남자가 널 차면 모를까  오 남자가 날 차기만 하면 된다는거지  이제 한 사람한테만 차이면 모든 게 끝난다 갈 수 있다 영국  근데 이 남자 만만치 않다  날짜는 다가오고 한 개도 안 먹혀 이 남자 뭐 꼼수 있는 거 아냐  정신 차려 이혜영 네 인생이 어떻게 바뀔지도 모르는데  기한은 10일 10일 안에 차여야만 해  SALLYS LAW  되는 것 하나 없는 걸어 다니는 머피의 법칙 준호 이번 방송 개편에 방송 못 맡으면 편집실 행이라고 방송을 위해 국장님이 제안한 딜  그녀의 마음만 얻는다면 정PD 이름 걸고 방송할 수 있게 해주겠네 이 여자의 마음만 얻으면 프로그램도 얻을 수 있다는 말이지 근데 이 여자 만만치가 않다  이 정도면 정신적으로 문제 있는 거 아니야 아니야 정준호 그녀의 맘만 얻으면 돼 정준호 할 수 있어 파이팅  MURPHYS LA 기한은 10일 10일 안에 사로잡아만 해
180502,댄싱피버,httpticketimageinterparkcomPlayDictionaryDATAPlayDicPlayDicUpload04000122100400012210_180502_01102gif,창작,20220425  오픈런,해당공연 공연장,천상민김재욱조제상황지민최수연박혜림박가은박소진최솔김보경김지성심예진권은서민나래이슬기현수아장연수곽영철이준녕이준범,전체관람가,80분,대한민국의 뒤덮은 댄스 열풍으로 TV나 공연에서도 댄서들의 인기가 하늘을 찌르고 사람들은 댄스 학원에 등록해 각가지 춤을 배우는 것이 유행인 시대의 흐름에 맞춰 춤생춤사 인생을 사는 주인공의 재기를 위한 갈등과 포용 화합을 통해 우리는 과연 자신의 인생에서 가장 중요한 것을 위해 치열하게 싸워 보았는가 하는 메세지와 공감 감동을 전달하고자 한다,어린 시절 춤꾼들 사이에서는 알아주는 실력자로 인정받았던 태양은 확고한 스타일과 자신의 춤에 대한 고집 때문에 함께 하던 동료들과 멀어 지고 빠르게 바뀌는 춤의 흐름에서 동떨어지면서 지금은 생계를 위해 동네 댄스학원에서 수강생들에게 다이어트 댄스를 가르치고 있다 어느 날 함께 춤을 췄던 친구 루아가 태양을 찾아와 몸치를 댄서로 변화시키는 유튜브 콘텐츠를 기획하고 있다면서 태양에게 미미와 유연에게 춤을 가르쳐 댄서로 만들면 엄청난변화를 받아들이지 않아 최고의 자리에서 대중의 비난을 받으며 바닥으로 곤두박질 친 태양의 과거를 너무 잘 알고 있는 루아는 포기하지 않고 태양을 설득하고 루아의 진심 어린 위로와 조언에 용기를 얻은 태양은 스스로를 위해 도전 해보기로 하는데 태양은 과연 몸치에 박치인 미미와 유연을 댄서로 변화 시키고 다시 한 번 춤신춤왕으로 대중들 앞에 거듭날 수 있을까 자신의 인생에서 가장 가치 있다고 생각하는 것을 위한 치열하고 짠내 나는 도전이 지금 바로 시작된다
180569,하트시그널,httpticketimageinterparkcomPlayDictionaryDATAPlayDicPlayDicUpload04000122100400012210_180569_01519gif,창작,20221102  20231130,대학로 하마씨어터,손영우염승윤김여진한미래지인규임재혁,만 14세이상,90분,올 겨울  핫하고 짜릿한 뮤지컬 하트시그널이  당신의 사랑을 이루어 드립니다  완판행진  마지막 찬스 예매를 서둘러주세요  열번 찍어 안 넘어가는 나무 없다  도대체 나한테 무슨짓을 한거야 책임져  오늘 지금 마성의 여자와 후끈하게 불태우세요  뷰포인트  검색어순위주문폭주 마감임박 하트시그널 완판 홈쇼핑에서 펼쳐지는 사랑의 신호  최고의 몰입감 시선을 압도하는 화려한 LED무대  연극 하트시그널이 뮤지컬로 돌아왔다 여기가 바로 LED맛집  말할 수 없는 비밀 간절히 원하면 이루어진다  내몸을 돌려줘 화하고 짜릿한 바디쟁탈전,숨막히는 피지컬 실력 외모 뭐하나 빠지지 않는 쇼호스트 김한을 짝사랑하는세현 자신에게 관심조차 보이지 않는 김한이지만 세현의 마음은 온통 김한으로 가득차있고 20년 동안세현만 바라보는 순정남 재길이가 스토커처럼 느껴진다 서로를 향한 마음이 다른 세현과 재길은 답답함에 다투고 그날 밤 하루만 몸이 바뀌길 바라며 잠든다다음날 거울을 본 세현과 재길은 믿을 수 없는 광경에 경악을 한다 도대체 나한테 무슨짓을 한거야
182870,아기 돼지 삼형제,httpticketimageinterparkcomPlayDictionaryDATAPlayDicPlayDicUpload04000122120400012212_182870_01822gif,어린이가족,20230107  20231231,서연아트홀구 인아소극장,nan,24개월이상,60분,아기돼지 삼형제와 함께하는  어린이 참여놀이극  어린이참여놀이극 늑대숲 또옹돼지 원정대는  단순하게 보는 공연이 아닌  무대에서 배우와 관객이 하나가 되어  재미있는 놀이를 통해 공연을 만들어 갑니다  아기돼지 삼형제는 각자 생각도 다르고 행동도 다르지만  결국 오랜 정성과 노력이 있어야만 이룰 수 있다는 것을  보여주며 아이들에게 교훈을 전하고 있습니다 또한 무대 위에서 어린이와 함께 소통하고 참여할 수 있도록 구성하여 자유로운 발상과 상상력을 제공하는 이야기로 신나는 공연을 선사합니다,귀여운 아기돼지 삼형제와 무서운 늑대가 함께하는 이야기  평화로운 돼지 마을  잘난 척 있는 척으로 온 동네를 시끄럽게 하는  우리의 첫째 척척는 오늘도 아침부터 시끄럽다 유명한 스타가 꿈인 둘째 반짝이는  오늘도 노래 연습에 여념이 없다  둘은 만나자마자 어김없이 티격태격이다  이에 막내 초롱이는 분위기도 바꿀 겸  소풍을 가자고 제안한다  이에 다들 들떠 소풍을 떠나는데  그 곳에 배고픈 늑대 얼프가 나타나고  우리의 돼지들은 늑대의 손아귀에서 무사할 수 있을까
183324,런던레코드,httpticketimageinterparkcomPlayDictionaryDATAPlayDicPlayDicUpload04000123010400012301_183324_01132gif,창작,20230113  20231231,인사아트홀 1관,이채원해리 벤자민,전체관람가,90분,국내 최초  KPOP KMovie KDrama KDance 등에 전 세계가 열광 하고 있는 지금 런던레코드는 국내 창작 뮤지컬 최초로 전 세계 뮤지컬의 본고장인 웨스트엔드에 진출합니다  국내 최초  런던레코드의 넘버 10곡은 KPOP을 좋아하는 전세계인의 취향에 맞춰 City Pop Chill Out Pop EDM Tropical Sound 등 최신 트랜드의 음악들로 작곡한 뮤지컬입니다  국내 최초  조용필 이문세 이승철 YB 성시경 등 수 많은 대중가수의 콘서트를 연출했던 김인성 감독의 경험으로 만든 런던레코드는 20분간의 콘서트 장면으로 여러분의 스트레스를 한방에 날려버릴 수 있습니다,런던 외곽에 위치한 낡고 오래된 레코드 샵 주인 존은 오늘도 하루를 활기차게 시작해 본다 하지만 텅 빈 레코드 샵에는 쓸쓸한 음악만 흘러 나오고 손님 구경한지 오래된 앨범들은 먼지만 가득 쌓여있다  그때 커다란 가방을 들고 성큼 들어온 손님 찰리  세계 일주를 방금 마치고 왔다는 그의 가방에는 신기한 물건들이 가득하다  그리고 오디션에 떨어진 스칼렛은 풀이 죽은 채 존의 레코드 샵으로 들어오고 레코드 샵 주인 존이 혜성처럼 등장해 전 세계인의 마음을 감동시키고 전설처럼 사라진 밴드의 리더라는 것을 알게 된다  공통점 없는 이 세 명의 만남은 음악으로 하나가 되어 가고 서로의 상처를 위로해주며 한 팀이 되어 간다
185526,언제는 행복하지 않은 순간이 있었나요,httpticketimageinterparkcomPlayDictionaryDATAPlayDicPlayDicUpload04000123020400012302_185526_01755gif,창작,20230314  20231231,M스테이지,이리건한채은이채원성준희추연제이명제,전체관람가,120분,"언제는 행복하지 않은 순간이 있었나요
아직 들어 본 적이 없으시다구요
최고의 콘서트 연출가가 만들어낸 국내 최초 콘서트 뮤지컬
즉흥적이고 센스 넘치는 웃음으로 가득한 국내 최대 관객 소통 뮤지컬
소극장 창작 뮤지컬 중 OST 5만장 이상 판매한 국내 유일의 공연
100번 이상 본 관객이 허다한 국내 최다 팬 보유 뮤지컬
공연 중 치맥과 자장면을 시켜 먹어도
상관없는 국내 유일한 공연",10년 동안 한 사람을 잊지 못하고 그리워 하는 남자 태양 그리고 10년 동안 한 사람만 바라본 여자 두나  그리고 이 둘 사이에서 온갖 작전을 수행하며  서로를 이어주려고 노력하는 두나의 친구 만식과 제니  행복 모두가 멀리 보이지 않는 꿈을 쫓는 것이라 말할때  소소한 일상 속 작은 미소 하나 웃음 하나가 바로 행복이라고 이들은 말하고 있다  언제는 행복하지 않은 순간이 있었나요  우리에게 주어진 이 시간들 분명 행복한 순간이잖아요
185531,인피니티 플라잉  경주,httpticketimageinterparkcomPlayDictionaryDATAPlayDicPlayDicUpload04000123020400012302_185531_01018gif,퍼포먼스,20230404  20231130,경주 엑스포공원 문화센터문무홀,nan,36개월이상,80분,2023 경주엑스포대공원 세계최초 로봇팔 3D 홀로그램 판타지 공연,2023 경주엑스포대공원 세계최초 로봇팔 3D 홀로그램 판타지 공연
186496,더 맨 얼라이브,httpticketimageinterparkcomPlayDictionaryDATAPlayDicPlayDicUpload04000123030400012303_186496_01636gif,창작,20230512  20231231,서울숲 씨어터 2관,이유청강청광김준석김성길박휘범강태욱,만 19세이상,75분,지루한 일상을 날려버릴 진짜 남자들의 무대 쇼 뮤지컬 THE MAN alive CHOICE  미학美學이란 무엇인가  아름다움에 가치를 두고  아름다운 현상을 탐구하며 아름다움을 체험한다  우리가 열광했던 무대에는 항상 아름다움이 존재했다  그것은 가장 솔직한 인간의 본성이며 욕구이자  인류 역사를 함께 해온 가치이다  당신이 보고 있는 그것은  남성이 보여줄 수 있는  가장 위대한 미학美學이다  여자들이여  아름다움에 열광하라  뜨겁게환호하고 동물처럼 포효하라  섹시하다는 것은  그 어떤 콩트보다 유머러스하게 나를 웃게 하고 그 어떤 맛있는 음식보다 나를 만족시킬 것이며 그 어떤 시간보다 의미 있고 뜨거운 순간이 될 것이다  우아하고 솔직하게 즐길 준비가 됐는가  제대로 된 진짜 쇼를 볼 시간이다  자 이제 호흡을 가다듬고 지루한 일상을 날려보자  그리고 부디  사랑에 빠지지 않기를,사실 섹시하고 관능적인 쇼는 오래 전 부터 있었다  하지만 인간의 본능에 대해 표현하고 그것을 아름답다 여기는 쇼는 남성들만의 전유물이었고 여성들이 즐길 쇼는 전무했다  아무런 구애 받지 않고 최대한 진솔하며 부끄러워하지 말고 무조건 당당하게 한시도 눈을 뗄 수 없을 만큼 섹시하게 여성들이 즐길 수 있는 SHOW  아이돌 가수의 팬덤이 자신의 성적 에너지를 건강하게 분출하는 것과 같이 숨겨진 욕망을 잘 활용하면 오히려 더 밝고 건전한 문화가 형성될 수 있다  섹시함을 섹시하다고 표현하지 않기에는 당신의 오늘이 너무 아깝다 무심한 듯 관심없는 듯 지나쳐 버리기엔 남자의 몸은 너무 아름답다  솔직하게 즐겨보자  당신의 본능이 이끄는대로 마음껏 보고 즐기라
186831,왓 이프,httpticketimageinterparkcomPlayDictionaryDATAPlayDicPlayDicUpload04000123030400012303_186831_01053gif,창작,20230519  20231231,룸씨어터,이정휘박하은정세지김하준박태준표혜미전소민김진솔성민범윤진웅권현욱장경원김정혁,만 13세이상,100분,내가 아닌 다른 사람으로 산다면 어떤 사람이 되고 싶습니까전쟁터 같은 직장에서 내성적이고 소심한 성격 탓에상사와 후배에게 치여도 제대로 말 한마디 하지 못하는 주인공 주명어쩌면 오늘을 살아가는 우리의 모습과 닮아있습니다그렇게 말을 잃고 의욕을 잃고 희망도 잃어버리면어디로 향하는지 모른 채 점점 자신의 빛을 잃게 됩니다그래서 우리는 종종 만약 내가 아닌 다른 사람이 되면 어떨까 상상합니다그런 주인공 주명에게 어느 날 판타지 같은 일이 펼쳐집니다다른 사람으로 살아갈 수 있는 절호의 기회이 기회로 평범한 주인공이 사랑도 일도무엇보다 자신의 인생을 환하게 빛낼 수 있을까요직장인들이 공감할 이야기와 아찔한 로맨스 그리고 현실 웃음까지왓 이프에서 만나보시기 바랍니다 많이 기대해주세요,일에 대한 열정도 사랑에 대한 호기심도 잃은 지 오래인 30대 직장인 주명반짝반짝했던 젊음은 온데간데 사라지고 껍데기뿐인 삶만 남아 허우적거리며 살아가고 있다회사에서 일명 고스트라 불리며 무존재감으로 살아가던 중어느날 완벽남 차은유 과장의 등장으로 평범했던 일상이 두근거리기 시작했다그의 마음이 얻고 싶은 주명은 회사에서 유일하게 의지하고고스트 동지 유신에게 고민 상담을 받게 되는데유신은 가문 대대로 소원을 들어주는 신비한 능력이 있다며믿을 수 없는 이야길 꺼내며 다섯 가지 소원을 들어주기로 약속한다과연 주명이 다섯 가지 소원으로완벽남 차은유의 마음을 뺏을 수 있을까
186925,아리 아라리  정선,httpticketimageinterparkcomPlayDictionaryDATAPlayDicPlayDicUpload04000123040400012304_186925_01348gif,창작,20230402  20231127,아리랑센터,홍성민계현욱조슬아안소연신현영김솔양도선전민혁김태성김화영남현우이정선한다연남호윤윤승진한승호이주현윤채은황인욱송재이,만 6세이상,75분,아리 아라리는 정선아리랑문화재단 사업의 일환이자 정선아리랑의 대중화와 세계화의 의지를 담은 공연으로써 지역 브랜드의 가치를 높이고 관광객 유치에 일조한다 공연 관람 후 지역 화폐 인 정선아리랑상품권으로 전액환급을 해주어 지역 문화 활성화뿐 아니라 지역경제 활성화에도 큰 역할을 하고 있다2018 평창 동계올림픽 기념공연 당시 국내외 1만 관객이 열광하고 2019년 서울 국립국 악원에서 개막한 4회차 공연도 전석 매진 2020년 웰컴대학로 공연에서 공연기간 내 객석 점유율 80라는 성과를 이루었으며 2022년 국립중앙박물관 극장 용에서 기획 공연 진행2023년엔 세계공연예술축제 중 하나인 2023 애들레이트 프린지 코리아시즌에 참가하여 위클리어워드 Best Theatre  Physical Theatre Award 수상하기도 하였다,조선시대 경복궁 중수를 위해 강원도 정선의 우수한 소나무를 한양으로 보내라는 어명이 떨어진다 최고의 나무꾼 기목은 사랑하는 아내 정선과 딸 아리를 뒤로 한 채 뗏목을 몰고 한양으로 떠난다뛰어난 실력으로 돈을 많이 번 기목은 경복궁 완공 축하 잔치에서  예상치 못한 함정에 빠져 집에 갈 차비마저 빼앗기고 기억을 잃고 마는데한편 기목이 떠난 후 15년 동안 기목이 죽은 줄로 알고 제사를 지내던 가족은 장돌뱅이에게 기목이 살아있다는 소식을 듣게 되고 숙녀가 된 아리는 당장 아버지를 찾으러 한양으로 떠나는데
187126,오즈의 마법사,httpticketimageinterparkcomPlayDictionaryDATAPlayDicPlayDicUpload04000123040400012304_187126_01734gif,어린이가족,20230505  20231119,스타스테이지 구 원패스아트홀,nan,24개월이상,50분,어린이가족뮤지컬  오즈의 마법사  마법의 나라 오즈 마법사의 정체 하나의 소원과 사연을 가진 특별한 친구들과의 모험 여행길에 만나는 다양한 캐릭터들의 춤과 노래  진실은 가까이에 있다  오즈의 나라는 신비함과 아름다움이 가득한 나라지요  씩씩하고 귀여운 소녀 도로시는 그곳에서 만난 허수아비 양철 나무꾼 그리고 겁쟁이 사자와 함께 위대한 마법사 오즈를 만나러 갑니다  여러분도 놀라움과 즐거움이 가득한 오즈의 세계로 도로시와 함께 지금 바로 떠나 보세요,어느 날 갑자기 불어온 회오리 바람  회오리 바람이 끝나는 곳 마법의 나라로 오게 된 도로시  뜻하지 않게 나쁜 마녀를 죽이고 집으로 돌아가는 길을 찾기 위해  마법사 오즈를 만나러 떠난다  여행길에 만난 특별한 친구들  지혜를 원하는 허수아비 사랑의 감정을 가진 심장을 원하는 양철  나무꾼  용기를 원하는 사자  도로시와 친구들은 모험의 과정과 위기를 겪어 나가면서  성숙해지고 드디어 오즈의 마법사를 만나게 된다  그러나 오즈의 마법사의 정체는
187149,신데렐라,httpticketimageinterparkcomPlayDictionaryDATAPlayDicPlayDicUpload04000123040400012304_187149_01329gif,어린이가족,20230507  20231119,스타스테이지 구 원패스아트홀,nan,24개월이상,50분,유럽에서 옛날부터 구전되던 대표적인 의붓자식이야기로 프랑스의 동화작가 C 페로의 상드리용Cendrillon을 번역한 작품입니다 신데렐라는 재를 뒤집어쓰다라는 뜻으로 항상 부엌 아궁이 앞에 앉아 일을 한다고 하여 지은 이름입니다  이 훌륭한 동화이야기는 이후에 연극 영화 음악 발레 등으로도 꾸준히 사랑받고 있습니다 그리고 그 가치를 인정하여  동방뮤지컬컴퍼니에서는 신데렐라를 춤과 노래로 소화한 뮤지컬로 재탄생시켰습니다,어려서 부모님을 잃고 계모와 언니들에게 괴롭힘을 당하는 신데렐라 하지만 온갖 구박을 받으면서도 용기를 잃지 않고 살아갑니다 궁전에서 열리는 무도회에 가고 싶지만 갈 수 없는 신데렐라 어느날 요술할머니가 나타나 신데렐라의 꿈을 실현시켜줍니다  샤바라 샤바라라 팡  호박은 마차로 쥐들은 말과 마부로 누더기옷은 화려한 드레스로  요술 할머니의 신비한 주문으로 무도회에 가게 된 신데렐라  궁전에서 왕자님을 만나 꿈 같은 밤을 보내지만  자정이 되자 요술할머니의 마법이 모두 풀리고 오직 유리구두만이 빛날 뿐이었습니다  누더기 옷을 입은 채 초라한 일상으로 돌아간 신데렐라  러나 우리의 왕자님은 유리구두를 남기고 간 신데렐라를 잊지 못하는데
188333,고두영의 키즈 매직쇼  화성,httpticketimageinterparkcomPlayDictionaryDATAPlayDicPlayDicUpload04000123050400012305_188333_01624gif,어린이가족,20230527  20231126,더퍼포머 씨어터,nan,전체관람가,60분,아이들의 호기심에 상상력을 더하다  고두영 마술사의 15년간 어린이집과 초등학교 저학년을 대상으로 한 공연을 바탕으로 만들어진 공연으로 영국에서 시작된 키즈 매직을 새롭게 재구성한 어린이 맞춤 마술공연입니다  아이들의 참여로 함께 만들어가는 공연입니다  매직 키트를 이용하여 마술도 배우고  마술의 신비함은 물론 재미와 교육까지  아이들에게 잊지 못할 추억을 만들어드립니다,아이들의 호기심에 상상력을 더하다  고두영 마술사의 15년간 어린이집과 초등학교 저학년을 대상으로 한 공연을 바탕으로 만들어진 공연으로 영국에서 시작된 키즈 매직을 새롭게 재구성한 어린이 맞춤 마술공연입니다  아이들의 참여로 함께 만들어가는 공연입니다  매직 키트를 이용하여 마술도 배우고  마술의 신비함은 물론 재미와 교육까지  아이들에게 잊지 못할 추억을 만들어드립니다
188405,더 오디션,httpticketimageinterparkcomPlayDictionaryDATAPlayDicPlayDicUpload04000123050400012305_188405_01543gif,뮤지컬,20230302  20231231,해당공연 공연장,양동헌송정현정인지신혜민,중학생이상 관람가,80분,창작뮤지컬은 학생을 주 관객으로 하는 하이틴 뮤지컬입니다아이돌 연습생들이 꿈과 목표를 위해 함께 노력하고 그 과정에서 갈등과 화해를 겪으며 성장해 나가는 이야기입니다팝 뮤지컬의 형식을 띄고 있어 공연의 모든 넘버가 관객들에게 친숙할 수 있는 노래들로 구성되어 있으며 요즘 학생들이 가장 선호하는 직업 아이돌을 소재로 다루면서 깊은 공감과 감동을 이끌어내고 있습니다무대 위 스타들의 화려한 겉모습 속에는 상상도 못할 인내와 노력이 동반된다는 교훈을 통해 공연을 보는 관객들이 자신의 꿈에 대해 다시 한번 되돌아보고 꿈을 가지고 정진하는 것이 얼마나 값지고 대단한 용기를 필요로 하는 것인지에 대해 생각해 볼 수 있는 작품입니다,서주혁과 유가을 최도치 김미소는 같은 소속사 연습생으로 한 팀이다주혁과 가을이 팀을 이끌지만 팀에 만족하지 못하는 도치 때문에 번번이 분위기가 깨진다회사에서 데뷔를 위한 선발 오디션이 열리고 모두 연습이 한창인 때 도치의 돌발행동으로 오해가 생기고 팀은 와해된다급기야 도치가 연습생을 그만두고 팀원들은 희망도 없는 꿈에 시간 낭비하기 싫다는 도치를 붙잡지 못한다세상에 나선 도치는 현실이라는 벽에 부딪혀 좌절하고 꿈을 위해 노력하던 시간이 얼마나 즐거웠는지와 같은 꿈을 키우던 팀원들을 떠올리게 된다방황하던 도치는 우연히 마주친 미소를 구해주며 팀원들에게 돌아갈 용기를 내는데 도치의 걱정과 달리 팀원들은 다시 손을 내밀었고 네 사람은 힘을 합쳐 꿈을 위한 오디션을 준비한다
188410,버디버디,httpticketimageinterparkcomPlayDictionaryDATAPlayDicPlayDicUpload04000123050400012305_188410_01132gif,뮤지컬,20230302  20231231,해당공연 공연장,이승준주승훈엄희준권용덕,중학생이상 관람가,80분,10대 아이들 사이에서 빈번하게 일어나는 학교폭력 사이버 폭력 음주 흡연 등 심각한 문제를 비중 있게 다루면서 유령이라는 판타지 요소를 사용해 학생들의 흥미를 유도하고 있습니다신나는 자작곡 경력 있는 배우들의 실감 나는 연기로 재미와 즐거움 보상수준 높은 뮤지컬 넘버 안무 관객 참여로 기존 공연들에 만연했던 낮은 완성도와 비교되는 격조 높은 뮤지컬을 만끽할 기회입니다창작 뮤지컬버디버디는 이제까지 접해왔던 학생 대상 공연의 한계를 뛰어넘는 웰메이드 하이틴 뮤지컬로 수많은 학교에서 호평과 러브콜을 받고 있습니다,만년왕따 고동만은 행복 고등학교로 전학 간 첫날 우연히 댄스동아리 버디에 들어가게 되고 그곳에서 최강호와 나태희를 만난다 춤에 재능이 있다는 말을 들은 고동만은 처음으로 뿌듯함과 기쁨을 느끼지만 일진 나태희의 괴롭힘 때문에 다시 자신감을 잃어가던 구미오를 만나게 된다자신의 눈에만 보이는 유령 친구 구미오의 위로와 응원 덕분에 조금씩 자존감을 찾아가는 고동만에게 축제의 엔딩 무대에 설 수 있는 기회가 생기고 고동만은 그 무대를 통해 학교의 인기스타로 거듭나게 되는데 갑자기 구미오가 보이지 않는다전세가 역전된 고동만과 나태희는 다시 친구가 될 수 있을 것인가그리고 사라진 구미오는 과연 어디로 갔을까
188412,스페셜,httpticketimageinterparkcomPlayDictionaryDATAPlayDicPlayDicUpload04000123050400012305_188412_01909gif,뮤지컬,20230302  20231231,해당공연 공연장,김성한주승훈권용덕,중학생이상 관람가,80분,하이틴 뮤지컬스페셜은평범하지 않은 독특하고 개성 넘치는 친구들이 서로 다른 모습을 이해하며 진정한 친구로 거듭나가는 코믹 성장 뮤지컬입니다교실이라는 작은 공간 안에서 여러 개성이 부딪히며 갈등을 겪지만 그 갈등을 통해서 서로를 이해하게 되는 이야기를 담아보았습니다어려움 앞에서 혼자보다는 함께를 선택할 수 있음을 알려주는 교훈적인 작품입니다,매력있고 꾸밈이 없는 밝고 따뜻한 아이들의 이야기시골 한적한 작은 학교에 싸움으로 인해 현태가 강제 전학을 오게 된다그곳에서 영석이라는 친구와 한나라는 친구 그리고 선생님을 만나게 된다이 곳 학급은 소규모의 학생으로 이루어져 있다수학여행을 간다는 얘기를 듣고 회비를 걷는 날 영석의 회비가 사라졌다현태가 가져가는 걸 본 영석은 선생님한테 말하지 않는데
188414,초콜릿 사탕,httpticketimageinterparkcomPlayDictionaryDATAPlayDicPlayDicUpload04000123050400012305_188414_01053gif,뮤지컬,20230302  20231231,해당공연 공연장,이원석민경찬김은비안규비손우정박범수김주영강은채,중학생이상 관람가,80분,사랑은 너무도 다채롭고 너무도 광활하여 뭐라고 단정 지을 수 없다 누군가에게는 사랑이지만 누군가에게 아픔이기도 하다 그래서 사랑 얘기는 지극히 개인적인 감정일 수밖에 없다 초콜릿 사탕은 사랑 이야기다 여기에서 사랑은 보이는 실체를 가지고 있다 여자에게 있어서 사랑은 초콜릿이다 남자에게 있어서 사랑은 사탕이다 다양한 사람들에게 있어서 초콜릿과 사탕의 가치와 소중함을 재미있고 따뜻하며 감동적인 이야기로 무대화하고자 한다,사랑에 대한 다섯 가지 이야기 첫사랑 짝사랑 사랑과 우정 프로포즈 끝사랑 초콜릿과 사탕이란 매개체를 통해 유쾌하고 감각적으로 그린 옴니버스 뮤지컬이다사랑은 너무도 다채롭고 광활하여 뭐라 단정 지을 수 없다 누군가에게는 사랑이지만 누군가에게 아픔이기도 하다 초콜릿 사탕은 그런 사랑 이야기다 사랑은 초콜릿처럼 향기롭고 부드러우며 사탕처럼 촉촉하고 달콤하다 사랑은 수 만 가지 옷을 입고 있어서 헷갈리게 하고 종잡을 수 없게 하고 행복하게도 불행하게도 만든다 또한 가장 위대한 힘을 주는 원천이기도 하다내 인생은 내세울 것 하나 없는 평범 그 자체였다 평범하게 지나간 내 인생에서 가장 특별한 일이 무엇인지 물어온다면 누군가를 만나 좋았고 그와 사랑해서 행복했다 그 사랑을 지키기 위해 살았고 그로 인해 힘겨운 나날이지만 웃을 수 있었다 지금도 난 그를 사랑하기에 편히 눈을 감을 수 있다라고 말하겠다
188415,헬로 고스트,httpticketimageinterparkcomPlayDictionaryDATAPlayDicPlayDicUpload04000123050400012305_188415_01955gif,뮤지컬,20230302  20231231,해당공연 공연장,엄희준민나리최정윤이승준장문수,중학생이상 관람가,80분,등장인물들의 학교생활을 통해 친구와 있을 때와 적대적인 아이들과 있을 때 편안함과 불안함 정반대의 두 감정을 함께 느끼며 몰입하도록 했습니다왕따라는 다소 무거운 주제에 정면으로 맞서는 주인공의 모습에서 그동안 외면하고 방치해왔던 문제와 언젠가 마주하게 된다는 것을 알게됩니다돌이킬 수 없는 일로 발목을 잡히는 일이 없도록잘못된 길의 끝은 어디일지 그 결말에 대해 반전으로 풀어가는 이야기입니다,한적한 어느 학교 소희라는 학생의 전학 소식 낯선 학생의 출연으로 학교의 아이들은그를 경계하는 눈초리다 하지만 소희는 이상하게도 왕따를 자처하며 학교생활을 이어간다 모두가 소희를 괴롭히고 경계하지만 일우라는 잘생긴 남학생은 소희의 둘도 없는 친구가 되어 준다소희를 괴롭히는 학생들에게 왕따 신분의 소희는 술 담배 행동들에 대해 지적을 하면서 그들의 요구를 들어주는 알 수 없는 행동을 하며 소희의 유일한 친구 일우의 신비스러운 행동들 모든 것이 의문점투성이다왕따를 자처한 이상한 전학생 그리고 그를 위하는 한 남자그들의 좌충우돌 스토리
188624,투모로우 모닝,httpticketimageinterparkcomPlayDictionaryDATAPlayDicPlayDicUpload04000123050400012305_188624_01253gif,라이선스,20230603  오픈런,대학로 자유극장,렉스정현준천관우김안젤라박혜원한수민문준혁임창민오태후이미경김소정김솔,8세이상,90분,"투모로우 모닝

대학로를 찾는 커플들의 필수 데이트 코스

마음을 촉촉하게 울리는 현실적이면서도 감성적인 가사
눈과 귀를 사로잡는 경쾌하고 다채로운 선율과 안무
오래도록 기억에 남을 섬세한 텍스트까지
소중한 당신만을 위해 준비된
공감 100 사랑 이야기
2023년 6월
대학로 자유극장에서 개막",결혼과 이혼 인생의 또 다른 출발선에 선 두 커플  내일이면 모든 것이 바뀐다    불안 설렘 희망 추억 후회 그리고 사랑 오늘은 내 인생의 끝일까 시작일까  당신도 겪었을 혹은 겪게 될 그 날 과연 무슨 일이    결혼을 하루 앞둔 커플 존과 캣  인생 최대의 결정을 하루 앞두고 설렘과 불안을 마주한 커플  네가 좋아 하지만 이 사람이 정말 내 운명일까  설렘과 불안이 교차하는 결혼식 전날 밤  생각지도 못한 사건이 벌어지고  우리가 정말 결혼할 수 있을까    이혼을 하루 앞둔 커플 잭과 캐서린  단 한 번도 행복한 적이 없었던 것 같은 결혼 10년차 부부  모든 게 지긋지긋하고 지칠 대로 지쳐 버렸다  그래 잘 생각했어 이혼이 최선이야 진작에 했어야 했어  이 마음만은 확고하다고 생각했는데  법정에 가기 전날 밤 이 감정은 뭘까  나 정말 잘하는 걸까
189860,더퍼포머 키즈 매직쇼  청주,httpticketimageinterparkcomPlayDictionaryDATAPlayDicPlayDicUpload04000123060400012306_189860_01816gif,어린이가족,20230624  20231130,더퍼포머 씨어터,nan,전체관람가,60분,아이들의 호기심에 상상력을 더하다  고두영 마술사의 15년간 어린이집과 초등학교 저학년을 대상으로 한 공연을 바탕으로 만들어진 공연으로 영국에서 시작된 키즈 매직을 새롭게 재구성한 어린이 맞춤 마술공연입니다  아이들의 참여로 함께 만들어가는 공연입니다  매직 키트를 이용하여 마술도 배우고  마술의 신비함은 물론 재미와 교육까지  아이들에게 잊지 못할 추억을 만들어드립니다,아이들의 호기심에 상상력을 더하다  고두영 마술사의 15년간 어린이집과 초등학교 저학년을 대상으로 한 공연을 바탕으로 만들어진 공연으로 영국에서 시작된 키즈 매직을 새롭게 재구성한 어린이 맞춤 마술공연입니다  아이들의 참여로 함께 만들어가는 공연입니다  매직 키트를 이용하여 마술도 배우고  마술의 신비함은 물론 재미와 교육까지  아이들에게 잊지 못할 추억을 만들어드립니다
190028,세종 이도의 꿈,httpticketimageinterparkcomPlayDictionaryDATAPlayDicPlayDicUpload04000123060400012306_190028_01521gif,어린이가족,20230930  20231126,경복궁 아트홀,nan,24개월이상,60분,세종이도의 꿈은  아이들이 가장 좋아하는 역사적 인물 1위 세종대왕  예술과 과학을 사랑한 세종대왕의 이야기를  우리의 전통 가락과 함께 아이들의 눈높이에 맞춘 재밌고 신나는 퓨전뮤지컬,사각사각 와사삭 와사삭 우적우적 날름날름  세종 도서관에 앉아 글자들을 갉아 먹고 있는 갈갈이 도깨비  한자도 냠냠 알파벳도 쩝쩝 그리고 기역 니은  어 이건 처음 먹어 보는 글자 메뉴다  세상의 모든 글자를 다 먹어 본 갈갈이 도깨비는  새로운 글자 메뉴 한글을 닥치는 대로 먹어대다가 그만 시간 여행 배를 타고 조선시대로 돌아가게 되고  아이  그곳에서 책을 산더미처럼 쌓아놓고 앉아 있는 아이 고기반찬이 없으면 밥을 안먹는 아이 이도를 만나게 된다  천방지축 글자 먹는 갈갈이 도깨비 อาล  과학과 음악 그리고 세상에서 책을 가장 좋아하는 세종이도 이 둘의 좌충우돌 한글 지킴이 대모험이 시작되는데
190424,페인터즈,httpticketimageinterparkcomPlayDictionaryDATAPlayDicPlayDicUpload04000123070400012307_190424_01354gif,퍼포먼스,20230707  20231231,명보아트홀,nan,전체관람가,70분,"보고나면 사랑할 수 밖에 없는 4명의 페인터즈
그들이 펼치는 환상의 미술 공연
THE PAINTERS 시즌2는
놀라운 라이브 드로잉 감각적인 어반댄스
그리고 미디어 아트의 창의적인 융합을 통해
미술작품이 탄생하는 과정을 드라마틱하게 연출한 공연입니다","보고나면 사랑할 수 밖에 없는 4명의 페인터즈
그들이 펼치는 환상의 미술 공연
THE PAINTERS 시즌2는
놀라운 라이브 드로잉 감각적인 어반댄스
그리고 미디어 아트의 창의적인 융합을 통해
미술작품이 탄생하는 과정을 드라마틱하게 연출한 공연입니다"
190705,이토록 보통의,httpticketimageinterparkcomPlayDictionaryDATAPlayDicPlayDicUpload04000123070400012307_190705_01230gif,창작,20230829  20231112,예스24스테이지 3관,최연우김예원강지혜임준혁정휘황휘,12세이상,95분,다시 돌아온 웰메이드 감성 로맨스 뮤지컬  카카오웹툰 랭킹 1위 누적 조회수 1억 7천만 뷰 이상의 인기 웹툰 원작의 무대화 2019년 초연 2021년 재연을 거치며 관객 평점 97 기록  작품성과 대중성을 고루 갖춘 창작 뮤지컬이 관객들의 호평에 힘입어 2023년 가을 다시 찾아온다  가을날 감성을 채워줄 감성 로맨스 뮤지컬  누구나 공감할 수 있는 보통의 이야기에  평행우주 복제인간이라는 특별한 소재가 만나  보통의 하루를 소중함을 느끼고 사랑의 의미를 깨닫는 시간  감성적이고 서정적인 음악과 함께  올가을 당신의 마음을 수채화 빛으로 물들인다,우주비행사를 꿈꾸는 제이 와 그녀를 사랑하는 은기 여느 때와 다름없는 보통 일상을 보내던 어느 날  나 드디어 우주로 발령받았어  오랜 꿈을 이루게 되어 기쁜 제이와  통보를 받아들일 수 없는 은기  그들의 관계는 혼란스러워지기 시작하는데
191010,인사이드 윌리엄,httpticketimageinterparkcomPlayDictionaryDATAPlayDicPlayDicUpload04000123070400012307_191010_01635gif,창작,20230912  20231203,아트원씨어터 1관,원종환최호중김아영임준혁임진섭정지우이아름솔김수연김이후주민진최민우유태율,만 8세이상,nan,이거 내가 쓴 게 아닌데  대체 어떻게 된 거야  통제불가 캐릭터 엉켜버린 플롯 달라진 장르  몇백 년이 흘러도 사랑 받는 명작을 쓰기 위해  고군분투하는 초짜 작가 셰익스피어  작가보다 더 강력한 의지로  자신들의 캐릭터를 만들어가는  줄리엣 햄릿 로미오  원고 밖으로 빠져나와  어디로 튈지 모르는 캐릭터들과  이들을 통제 못하는 셰익스피어  과연 햄릿과 로미오와줄리엣은  무사히 명작으로 탄생될 수 있을까  내 인생이 연극이라면  장르가 달라진 것 같아요  셰익스피어도 상상 못했을 명작 탄생 비하인드  셰익스피어의 명작 햄릿과 로미오와 줄리엣을  능청스럽게 비튼 패러디로 전형적인 캐릭터를 깨는 의외성 셰익스피어의 희곡과소네트의 인용이 빚어낸 문학성 피아노바이올린첼로 3중주 라이브로 선보이는 르네상스풍이 가미된 다채로운 음악  빛나는 재치로 매회 신선한 재미를 선사하는 배우들과 라이브 밴드의 환상적인 호흡  명작이 아니어도 괜찮잖아  특별하지 않아도 소중한 나의 이야기  세상이 원하는 결말 대신  내가 원하는 결말을 찾아가는 네 인물  그들이 전하는 특별하지 않아도  소박한 행복으로 가득한 일상 그 자체의  소중함과 따뜻한 위로,세계적인 명작 탄생을 꿈꾸며  명작 이대로만 하면 쓸 수 있다의 지침에 따라 아버지의 복수에 성공하는 왕자햄릿과  가문의 반대를 극복하고 사랑을 이루는  로미오와줄리엣을 집필 중인 셰익스피어  원고속에 직접 뛰어들어 흥미진진하게 이야기를 진행시키던 중  불어오는 거센 바람 때문에 두 원고는 뒤섞이고  캐릭터들은 원고 밖으로 빠져나오게 되는데  복수보다는 시를 쓰고 싶은 햄릿  사랑보다는 칼이 더 좋은 줄리엣  장르불문 무조건 주인공이 되고 싶은 로미오 어떻게든 캐릭터들을 제자리로 되돌려  명작을 탄생시키려는 셰익스피어  과연 그들은 자신만의 파라다이스를 찾을 수 있을까 
191027,타오르는 어둠 속에서,httpticketimageinterparkcomPlayDictionaryDATAPlayDicPlayDicUpload04000123070400012307_191027_01711gif,창작,20230826  20231126,링크아트센터 페이코홀,박정원양희준노윤한재아주다온정재환홍승안윤재호이영미문혜원이진혁황성재전해주선유하조민호박주혁김도원이지우김하연김동준,중학생이상 관람가,150분 인터미션  15분,전 세계 최초 뮤지컬화 미겔 데 세르반테스 상 국립문학상 마리아 롤란드상 등 수많은 상을 수상한 스페인 희곡의 거장 안토니오 부에로 바예호Antonio Buero Vallejo 첫 번째 희곡 타오르는 어둠 속에서In The Burning Darkness가 세계 최초 뮤지컬로 재탄생하다각색과 연출 성종완 작곡음악감독 김은영뮤지컬 사의찬미 웨스턴 스토리에 이어 또 한 번 기대되는 두 창작자의 시너지로 완성도 높은 창작 뮤지컬을 선보인다,장애를 잊고 자유롭고 평화롭게 살아가는돈 파블로 맹인학교의 학생들그들 중 리더인 까를로스와 후아나는모두의 부러움을 사는 우등생 커플이다개학 첫날 그들만의 완전한 세상에염세적이고 비관적인 태도의 이그나시오가 입학한다이후 이그나시오의 존재로 인해학생들은 조금씩 자신들의 장애를 인식하고 자신감을 잃어간다까를로스와 후아나는 이를 바로잡기 위해서 나서지만학교는 점점 더 혼란에 빠지게 되는데
191436,칠칠,httpticketimageinterparkcomPlayDictionaryDATAPlayDicPlayDicUpload04000123070400012307_191436_01814gif,창작,20230905  20231126,예스24스테이지 2관,박규원안재영김준영조상웅송유택김현진홍기범김주호이시안,만 10세이상,90분,칠칠  본 작품에 등장하는 인물 사건은  조선시대 화가 최북의 이야기를 기반으로 작성한  허구의 이야기입니다  그림을 그리는 것은 세상을 만나는 일이다  조선의 반 고흐라 불리는 화가 최북의 이야기를 기반으로 허구적 상상력을 더한 스토리와 전통과 현대의 느낌이 공존하는 퓨전 국악의 넘버로 이뤄진 뮤지컬  그림을 오직 내 뜻에 맞게 그릴 뿐이니  세상에 내 그림을 알아주는 자가 드물다  뮤지컬 칠칠에서는 운명을 거스르기 위해 가진 의지의 힘을 보여준다  자유로운 삶의 모습으로 인간의 강인한 의지와  그 자체로 아름다운 인생에 대해 이야기 한다,그림으로 먹고 사는 직업 화가 조선 최초의 환쟁이 최북  최북은 최산수라 불리며 산수화의 달인으로 이름을 높이지만  자신의 그림을 물에 담그거나 판매한 그림을 찢는 기행을 일삼는다  그의 기행에 사람들은 점점 그를 떠나가지만 유일한 친구 무명만은 그의 곁을 지킨다  어느 날 북은 자신의 대표작을 그리기 위해 무명과 금강산으로 떠나고 그곳에서 외면했던 과거를 돌아보게 된다  마침내 자신의 혼을 넣은 그림을 완성하고 한양으로 돌아온 날 세도가 원준이 그림을 사기 위해 최북과 무명을 찾아온다  얼굴을 가린 발 앞에 앉아 그림을 보던 원준은 그림에 대한 답례라며 이야기 하나를 시작하는데
191677,쇼맨,httpticketimageinterparkcomPlayDictionaryDATAPlayDicPlayDicUpload04000123080400012308_191677_01630gif,뮤지컬,20230915  20231112,국립정동극장서울,윤나무신성민강기둥정운선박란주이수빈안창용장민수이현진김연진김대웅장두환이다정전성혜,만 13세이상,120분,"쇼맨  어느 독재자의 네 번째 대역배우
202309151112
국립정동극장
제7회 한국뮤지컬어워즈 3관왕
대상극본상남자주연상
제16회 DIMF 어워즈 3관왕
심사위원상아성크리에이터상 남우주연상
대한민국 창작뮤지컬 흥행신화의 주역
작가 한정석 작곡가 이선영 연출가 박소영 트리오가
뮤지컬여신님이 보고계셔 레드북이후
5년 만에 선보인 2022년 최고의 화제작
관객과 평단 모두의 극찬을 이끈
웰메이드 창작 뮤지컬
씁쓸한 사회의 현실을 유쾌한 캐릭터와 감동적 스토리로
풀어낸 놓칠 수 없는 명작
타인의 시선 주변의 기대 세상의 기준에 끊임없이 스스로를 재단하는
현대사회의 쇼맨들에게 건네는 위로의 메시지",내가 가장 나다울수 있는 순간을 향해  이것은 쇼 한바탕 꿈  2020년 미국 뉴저지 주 어느 소도시  대형마트 직원으로 하루하루 성실하게 살아가는 한국계 입양아 출신 수아는  유일한 취미인 유원지 구경을 하던 중  회전목마를 타고 나타난 수상한 노인네불라를 만난다  수아를 사진작가로 오해한 네불라는 그녀에게 촬영을 의뢰하고  수아는 대충 찍고 공돈이나 벌 생각에 흔쾌히 의뢰를 받아들인다  하지만 수아의 예상과 달리  네불라는 진짜 자신의 모습을 남기고 싶다며  혼신의 힘을 다해 지난 인생 역정을 털어놓는다  그 모습이 부담스럽다 못해 징그럽기까지 한수아는 어쩔 줄을 모르는데  과연 수아는 극도의 거북함을 무릅쓰고 무사히 촬영을 마칠 수 있을까  또한 처절하리만큼 인생 사진에 집착하는 네불라의 진짜 속내는 무엇일까
191859,후크,httpticketimageinterparkcomPlayDictionaryDATAPlayDicPlayDicUpload04000123080400012308_191859_01953gif,창작,20230905  20231126,아트원씨어터 2관,손유동박상혁최호승김도빈동현김지온정우연김주연최미소,14세이상,90분,뮤지컬 후크는 소설 피터팬의 작가 제임스 매튜 배리의 자전적 내용을 일부 차용하여 후크의 입장에서 쓰여졌다  현실에서 도망치고 싶어 이야기 속으로 들어가는 후크와 네버랜드의 환상 속에서 살아가는 피터  네버랜드의 스토리텔러이자 거짓말쟁이 웬디가  그곳에서 숨겨진 진실을 마주하게 되며 벌어지는 갈등의 과정을 그린다  이 작품은 진정한 자신의 삶을 살기 위해서 어떤 선택을 하는 것이 옳은가에 대한 질문을 던진다,런던에서 공장을 운영하는 공장장 제임스 제임스는 어린 시절 형 데이비드가 실종된 후로  자신을 데이비드라 부르는 미쳐버린 어머니와  밤마다 이상한 놀이를 하며 살아간다  그러던 어느 날 어머니가 사라져버리고  뒤틀려버린 현실로부터 도망가고 싶은 제임스귓가에  모든 걸 잊어도 된다는 속삭임이 들려온다  제임스는 어머니의 자취를 따라 그리고 그 소리를 따라 네버랜드에 도착하고  그곳에서 만난 피터팬과 웬디의 이야기 놀이에 빠져  현실을 잠시 잊고 네버랜드의 후크가 되어 가는데
191923,언제는 행복하지 않은 순간이 있었나요  부산,httpticketimageinterparkcomPlayDictionaryDATAPlayDicPlayDicUpload04000123080400012308_191923_01639gif,창작,20230831  20231231,부산 엠스테이지,nan,전체관람가,120분,"언제는 행복하지 않은 순간이 있었나요
아직 들어 본 적이 없으시다구요
최고의 콘서트 연출가가 만들어낸 국내 최초 콘서트 뮤지컬
즉흥적이고 센스 넘치는 웃음으로 가득한 국내 최대 관객 소통 뮤지컬
소극장 창작 뮤지컬 중 OST 5만장 이상 판매한 국내 유일의 공연
100번 이상 본 관객이 허다한 국내 최다 팬 보유 뮤지컬
공연 중 치맥과 자장면을 시켜 먹어도
상관없는 국내 유일한 공연",10년 동안 한 사람을 잊지 못하고 그리워 하는 남자 태양 그리고 10년 동안 한 사람만 바라본 여자 두나  그리고 이 둘 사이에서 온갖 작전을 수행하며  서로를 이어주려고 노력하는 두나의 친구 만식과 제니  행복 모두가 멀리 보이지 않는 꿈을 쫓는 것이라 말할때  소소한 일상 속 작은 미소 하나 웃음 하나가 바로 행복이라고 이들은 말하고 있다  언제는 행복하지 않은 순간이 있었나요  우리에게 주어진 이 시간들 분명 행복한 순간이잖아요
191988,오리지널 과학마술콘서트,httpticketimageinterparkcomPlayDictionaryDATAPlayDicPlayDicUpload04000123080400012308_191988_01628gif,어린이가족,20231007  20231126,한국방송회관 코바코홀 구브로드홀,nan,전체관람가,55분,"과학 쇼와 마술 쇼가 결합이 된 오리지널 과학마술공연

보기만 하는 마술쇼는 그만 호기심 왕성한 우리아이들이 보고 만지고 느낄 수 있는 과학마술 콘서트입니다 

과학 미술 무대와 더불어 화려한 빛의 무대 그리고 로봇의 등장까지 

관객의 눈을 사로잡기 위한 마술사의 특별한 마술쇼로 어린이 여러분을 초대합니다","과학 쇼와 마술 쇼가 결합이 된 오리지널 과학마술공연

보기만 하는 마술쇼는 그만 호기심 왕성한 우리아이들이 보고 만지고 느낄 수 있는 과학마술 콘서트입니다 

과학 미술 무대와 더불어 화려한 빛의 무대 그리고 로봇의 등장까지 

관객의 눈을 사로잡기 위한 마술사의 특별한 마술쇼로 어린이 여러분을 초대합니다"
192003,썸데이,httpticketimageinterparkcomPlayDictionaryDATAPlayDicPlayDicUpload04000123080400012308_192003_01204gif,창작,20230901  20231231,업스테이지,김여진서찬양김아름이채림구문회이제성김선오윤동환박소진조윤진김태린정영원강민석김호창이재현정지환최이재박소영엄대최미정,만 7세이상,100분,"MUSICAL
Someday
 썸데이
Someday
20230901  OPEN RUN
대학로 업스테이지
IKE
순간이 모여 처음이 된 그 어느날",음악을 하고 싶은 연수  하지만 홀로 연수를 키워온 연수의 아빠 이암은 무섭고도 절대적인 방해요소다  경쟁률이 높은 대학 실용음악과에 합격하고도  갈 수 없을거란 마음에  Someday바에서 칵테일을 마시는 연수는  Someday바의 주인인 우연희와 대화를 나누고 누군가가 가사를 적어둔  신비로운 다이어리에 의해 타임워프를 하게 된다  아빠의 스무살로 타임워프 된 연수  다행히 아빠는 연수를 알아보지 못한다  아빠도 원래 음악을 했었다는 충격적인 사실도 잠시  연수는 과거의 이암이 음악을 포기하지 못하도록 작전을 세우는데  연수는 아빠의 꿈을 함께 지켜내고 계속 노래할 수 있을까
192108,더 데빌  에덴,httpticketimageinterparkcomPlayDictionaryDATAPlayDicPlayDicUpload04000123080400012308_192108_01808gif,창작,20230921  20231126,유니플렉스 1관 대극장,김찬호조형균김준영정동화박규원백인태여은이지연이재림이기현반정모김우성이효정김명지,중학생이상 관람가,100분,기존 법칙을 파괴하고 뮤지컬의 새로운 공식을 쓴 문제적 작품뮤지컬 더데빌 10년 만의 후속작이전에도 지금도 앞으로도 이어질 이야기초연 10주년을 맞아 탄생한 더데빌에덴을 통해 계속되는 빛과 어둠의 내기끝없는 인간의 욕망 빛을 향한 방황이라는 작품의 세계관을 확장시킨다빛도 어둠도 인간의 선택세계를 뒤흔든 전염병과 바이러스 욕망과 혼돈이 범람하는 시대에인간 내면의 빛과 어둠은 인간을 향해 어떻게 손 내미는가인간은 무엇을 선택할 것인가에 관한 근원적 질문을 던지다또 한 번 관객들을 유혹하는 더데빌이란 황홀경독창적 세계관을 완성할 오리지널 크리에이터극작작사 이지나  작곡작사 Woody Pak우디 박새로운 세계를 탄생시킬 최고의 유니온극작작사 우찬  음악감독작곡작사 신은경연출 오루피나 안무 채현원,진단 키트를 개발하여 인류에게 혁신적인 미래를 선사하고픈 에덴 아담스 그러나 거듭되는 실패에 그의 선한 야망도 욕망과 유혹 앞에 흔들리고 그런 에덴에게 XBLACK은 더 거대한 계획 베리타스 프로젝트를 제안하는데 
192289,셜록홈즈,httpticketimageinterparkcomPlayDictionaryDATAPlayDicPlayDicUpload04000123080400012308_192289_01228gif,창작,20230914  20231112,두산아트센터 연강홀,송용진김준현오종혁구민진방진의최우리조성윤김우진이석준정명은린지박새힘조남희김수정양희웅,만 12세이상,160분 인터미션  15분,한국 최초 시즌제 뮤지컬 셜록홈즈는 2011년 뮤지컬 셜록홈즈 앤더슨가의 비밀초연 이후 한국뮤지컬대상 최우수작품상 작곡상 극본상 및 2012년 더뮤지컬어워즈 올해의 창작뮤지컬상 작곡작사상 극본상 연출상 등 주요 시상식에서 수많은 상을 휩쓸며 작품성과 대중성을 동시에 인정받았고 일본에도 수출되어 해외 진출에도 성공했다평단과 관객을 모두 매료시킨 웰메이드 뮤지컬 셜록홈즈 앤더슨가의 비밀이 다시 무대로 돌아온다,19세기 말 런던 크리스마스이브영국 최고의 명문가 앤더슨가에서 울린 두 발의 총성 그리고 사라진 한 여인보름 후 거액의 사례금과 셜록홈즈의 사무실로 앤더슨 가의 세 남자가 찾아온다유일한 상속자로 모든 것을 손에 쥔 형 아담 앤더슨 1분 차이로 모든 것을 포기해야했던 그의 쌍둥이 동생 에릭 앤더슨 그리고 두 형제의 숙부 포비 앤더슨세 명의 의뢰는 단 하나 루시 존스를 찾아 주시오범죄가 없는 런던에 지루해하던 셜록은 새로운 사건에 흥분하며 왓슨과 함께 사건을 맡는다수사가 시작되자 앤더슨가 주변의 인물들이 한 명씩 살해당하기 시작하는데
192444,번개맨,httpticketimageinterparkcomPlayDictionaryDATAPlayDicPlayDicUpload04000123080400012308_192444_01053gif,어린이가족,20231014  20231112,디큐브 링크아트센터,nan,24개월이상,70분,영상으로만 만났던 번개파워  영웅 번개맨을 직접 만날수있는  절호의 기회  우리들의 영원한 히어로 번개맨 이 다시 새롭게 무대위로 찾아온다  꿈이 담긴 스토리텔링과  화려한 무대효과 최고의 무대  번개맨과 함께 춤추고  온 가족이 즐길 수 있는 최고의 공연,아주 오래전부터 이어져 내려오는 전설의 이야기  온 우주의 행성이 일렬로 이어지는 순간  우주의 힘으로 이루어진 유니온 에너지가 깨어난다  가시별 대장의 명령으로 번개별에 도착한  아차와 아차차는 기억말소 장치를 이용해  번개맨의 기억을 빼앗는 데 성공하고  번개별 친구들은 이 사실을 뒤늦게 알아차린다  번개맨의 기억을 없애는 데 성공한 가시별대장은  우주의 장난꾸러기 매드크로스를  소환해 2차 작전을 지시하고  천방지축 매드크로스는 우주의 질서를 파괴하며  혼란에 빠트리기 시작한다  이상 자연현상 발생 행성 간의 충돌 등  온 우주의 생명체는 괴로움을 겪게 되고  번개맨은 기억을 다시 찾기 위해  벨리온 행성의 지혜의 숲으로 향하게 되는데  과연 번개맨은 기억을 되찾고  무너진 우주의 질서를 바로잡을 수 있을 것인가
192480,문스토리,httpticketimageinterparkcomPlayDictionaryDATAPlayDicPlayDicUpload04000123080400012308_192480_01139gif,창작,20230926  20231210,대학로 드림아트센터 4관,정상윤성연김진욱김준호소정화박새힘주다온장보람강찬김리현김지웅전민지조영화표바하이채원,14세이상,100분,어른들을 위한 동화 나에게 전하는 이야기 뮤지컬 문스토리  흥미로운 스토리 전개와 감성을 어루만지는 따뜻한 음악을 선사하며 2018 트라이아웃 2021 초연을 성공적으로 마친  웰메이드 힐링 뮤지컬 문스토리가 2년 만에 돌아온다  더욱 따뜻하고 아름다운 음악과 함께  2023년 현재를 살아가고 있는 모든 도시의 청춘들에게 한층 더 깊어진 감성으로 위로와 희망의 메세지를 건낸다  명실상부 최고의 창작진과  실력파 배우들이 만드는 완벽한 케미  뮤지컬 사의찬미 웨스턴 스토리로 환상의 호흡을 선보인 작가연출 성종완 X 작곡가 김은영 콤비와  최고의 실력파 배우들이 만나 작품의 완성도를 높인다  그리고  유명 만화가였지만 현재는 외톨이 택시기사 이헌 역 정상윤 성연 김진욱 김준호 이헌의 오랜 친구 린 역 소정화 박새힘 장보람 주다온  달에서 온 아이 용 역 강찬 김리현 김지웅  만화잡지사 기자 수연 역 전민지 조영화표바하 이채원까지  초연을 통해 완벽한 싱크로율을 선보인 기존 배우와 다채로운 색을 가진 새로운 배우들의 합류  이들이 그려내는 현대인들을 위한 동화 뮤지컬 문스토리  달과 지구의 아이들  그리고 흩어진 기억의 조각들  지구의 강한 중력에 갇힌 네 명의 인물들의 엇갈린 시간  우리는 찾아야 한다  내가 누구인지 왜 이 곳에 존재하는지,과거엔 달에 아이들이 많이 살았다  하지만 그 사실을 아는 사람은 거의 없다  달의 아이들은 언제나 푸른빛의 지구를 동경했고  매일 밤 밤 하늘의 지구를 바라보며 소원을 빌곤 했다  서울의 도심 유령과도 같은 몰골의 전직 만화가이자 택시 기사인 이헌  택시를 몰고 도시를 질주한다  그러던 중 한 남자를 치게 되고 겁에 질린 나머지 자신의 단칸방으로 데리고 온다  죽은 줄로만 알았던 그 남자는 깨어나 자신의 이름을 용이라 소개하며  자신은 달에서 왔다고 말한다  이헌은 그가 머리를 다쳤다고 생각하고 망연자실한다  그 순간이헌의 어릴 적 단짝친구 찬영이 린이라는 이름의 여자트랜스젠더가 되어 나타나  다짜고짜 이헌의 집에 함께 머물게 해달라고 떼를 쓴다  그렇게 세 사람의 어색한 동거가 시작된다  며칠 후 오수연이라는 만화잡지사의 기자가 이헌을 찾아와 인터뷰를 요청한다  이헌은 린이 꾸민 일이라 여기고 인터뷰를 냉정하게 거절한다  수연은 못내 아쉬운 듯 뒤돌아서며 뜻밖의 소식을 전한다  그것은 7년 전 중단되었던 이헌의 만화 문스토리가  인터넷을 통해 웹툰으로 다시 연재되고 있다는 사실이다  이에 깜짝 놀란 이헌은 그녀의 스마트폰을 통해 그 사실을 확인하는데
192497,비더슈탄트,httpticketimageinterparkcomPlayDictionaryDATAPlayDicPlayDicUpload04000123080400012308_192497_01918gif,창작,20230912  20231126,대학로 드림아트센터 1관,송유택안지환황순종정백선김바다김지온동현이진우김이담손지환김도현김방언이태이김민강박선영곽다인정선기한정훈이한솔류동휘,만 13세이상,155분 인터미션  15분,욕망을 따라 순응할 것인가 모든 것을 잃더라도 반항할 것인가웰메이드 창작 뮤지컬 비더슈탄트 2023년 최대 화제작의 귀환유료 객석 점유율 98 초연 3개월 만에 누적관객 2만 2천명 돌파2022 대학로 민간공연장 공연 티켓예매순위 상위권 20개 공연 랭크대학로 최고 화제작 비더슈탄트가 돌아오다믿고 보는 24명의 실력파 배우 총 집결 완벽 캐스팅 라인업매그너스 역 송유택 안지환 황순종 정백선아벨 루터 역 김바다 김지온 동현 이진우프레드릭 칼 역 김이담 손지환 김도현 김방언하겐 악스만 역 이태이 김민강 박선영 곽다인재스퍼 뮬러 역 정선기 한정훈 이한솔 류동휘라인하르트 클레어 역 이승현 김보현 조풍래 조상웅압도적인 연기력과 가창력으로 관객을 마음을 사로잡을 가장 완벽한 캐스팅을 만나다,1938년 독일 야심찬 17세 매그너스는 최고의 펜싱 선수가 되기 위해 가장 친한 친구 아벨과 함께 독일의 엘리트 스포츠 학교에 입학하지만 학교에 대한 뜻밖의 진실을 알게된다매그너스와 아벨은 펜싱부 친구들과 함께 학교의 비밀을 파헤치고 알리기 시작하면서 그들만의 저항 활동을 시작한다한편 매그너스는 학교의 최고 책임자인 클레어 단장의 관심과 인정을 받으면서 흔들리기 시작하는데
192543,뉴미디어뮤지컬  제주,httpticketimageinterparkcomPlayDictionaryDATAPlayDicPlayDicUpload04000123080400012308_192543_01300gif,창작,20230822  20231231,노형수퍼마켙,nan,전체관람가,70분,"노형수퍼마켙의 새로운시작  야간 뮤지컬 공연
미디어아트와 뮤지컬의 만남
관객 몰입형 뉴미디어 뮤지컬 갈라쇼",PART 1 뉴미디어 뮤지컬 흐르는 시간 속에 영원으로 남을 두 사람의 화양연화 찰나의 순간을 살아가는 소녀 오늘이와 셀 수 없이 만은 순간을 쌓은 이무기 바리가 떠나는 시간 여행 저기 먼 남쪽 이승과 저승의 경계에 있는 원천강으로 오늘이의 부모를 찾아 두 사람의 여행이 시작된다 PART 2 뮤지컬 갈라 콘서트  바다 밭에 가자 포근히 안아주는 엄마의 바다로 10인의 뮤지컬 배우와 관객이 함께 호흡하며 제주 바다의 너른 품 안에서 우리들의 아름다운 노래와 춤이 펼쳐진다
192626,블랙메리포핀스,httpticketimageinterparkcomPlayDictionaryDATAPlayDicPlayDicUpload04000123080400012308_192626_01547gif,창작,20230921  20231203,서경대학교 공연예술센터 SKON1관,김도빈김대현양승리윤승우황휘최재웅노윤김 수김서연이정화김서환김기택이준우홍성원임강희홍륜희전경수임찬민강연정송상은,16세이상,105분,대한민국 대표 심리 추리 스릴러 뮤지컬 블랙메리포핀스매 시즌 유료 객석 점유율 80 이상을 기록한 흥행 불패의 주인공작품성과 흥행성을 모두 갖춘 심리 추리 스릴러 웰메이드 창작 뮤지컬 블랙메리포핀스가 돌아왔다지난 10년 동안 공연된 한스 헤르만 요나스 버전에 이어2023년 블랙메리포핀스의 완결판 안나의 방을 새롭게 선보인다2012년 초연 2013년 2014년 메리포핀스 살인 사건을 위한 변호 한스 ver2016년 모래 사나이가 나오는 꿈 헤르만 ver2020년 2021년 숲의 기억 요나스 ver2023년 안나의 방  두 개의 책상 최종 ver같은 사건을 바라보는 주인공들의 서로 다른 관점단순히 내레이터가 교체되는 것이 아니라치밀하게 계산된 대본에 따라 사건에 대해 느끼는 인물들의 심리 변화를 그려낸다블랙메리포핀스 완결판 안나의 방에는 네 명의 아이들 외에1945년의 안나가 특별 출연해 1945 안나의 서술로 극이 진행된다1938년 로먼 박사의 연구실에서 헤어진 후다시 7년이 지난 1945년여전히 살아남아 여전히 기억하며 존재하고 있는 아이들은이제 안나의 방에서 다시 만나 기억의 방문을 스스로 연다한국 중국 일본아시아 3개국에서 모두 성공한 창작 뮤지컬의 유례없는 신화2014년 도쿄 초연에 이어 2016년 일본 전국 투어는 물론2018년 2019년 2020년 중국 상하이와 베이징에서도 흥행 성공5명의 배우만으로 대극장 무대와 객석을 가득 채우며 전석 매진을 기록큰 호평 속에서 수많은 마니아를 양산하며 명실상부 한국 최고의 웰메이드 창작 뮤지컬임을 입증했다동화 메리포핀스를 모티브로 한 발상의 전환WHO가 아닌 WHY를 찾아가는 심리 추리 스릴러동화 메리포핀스를 뒤집은 상상력2023년 뮤지컬 블랙메리포핀스가 다시 한번 관객들의 마음을 울린다1926년 나치 정권 아래의 독일불타버린 대저택과 안개 속에 사라진 수요일의 기억 그리고 그 기억으로의 귀로WHY를 찾는 과정을 통해 주인공들의 심리 상태를 조명하고그들이 선택한 삶을 방식을 통해 주제를 드러낸다,1926년 독일의 저명한 심리학자 그라첸 슈워츠 박사 대저택 화재 사건화재로 인해 대저택은 물론 시체마저 훼손되어 흔적도 남지 않은 이 사건은 세간에 널리 알려지며 강렬한 인상으로 각인된다 박사의 연구 조교이자 입양된 네 아이들의 보모였던 메리 슈미트가 아이들을 극적으로 구출하고 전신화상을 입은 채 사라졌기 때문이다화재사건 다음날 메리는 병원에서 실종되어 수배령이 떨어졌고 아이들은 화재 당시 있었던 일에 대해 아무것도 기억하지 못했다 그렇게 사건은 미제 사건으로 일단락되는 듯했다12년이 지나 사건은 사람들의 기억 속에서 서서히 사라졌고 네 명의 아이들도 각기 다른 집에 입양돼 새로운 삶을 살아가고 있었다 담당 형사였던 발터가 죽기 직전 그라첸 박사의 비밀수첩을 한스에게 건네기 전까지는다시 7년이 지난 1945년절대 끝나지 않을 것 같았던 나치 정권의 붕괴 후 어느 서점 2층의 작은 방이 방에서 심리학계를 넘어 전후 상처받은 사회 전반에 큰 반향을 일으키는 사건이 벌어진다한때는 메리 슈미트의 연구실이었고 이제는 안나 레아의 연구실이 된 그 방에서네 명의 아이들은 스스로 의자에 앉아 무의식 속 기억의 방문을 연다그리고 그 오래되고 작은 방 속에 갇혀 있던 자신들의 이름을 꺼내어 기어이 삶을 증명한다
192884,룰렛,httpticketimageinterparkcomPlayDictionaryDATAPlayDicPlayDicUpload04000123080400012308_192884_01854gif,뮤지컬,20231013  20231112,연남장,서동진조현우이무현차이도진소연이수정이민규정재헌이예빈가희,15세이상,90분,두 남자의 모든 것을 건 내기가 시작된다이머시브 뮤지컬 룰렛 작품 평점 998점에 빛나는 수작 오민혁 단편선 수록작 룰렛 원작무대에서 펼쳐지는 스릴과 반전독특한 그림체와 뛰어난 스토리텔링으로 오민혁 신드롬을 일으킨2015년 네이버 웹툰 오민혁 단편선 수록작 룰렛이 이머시브 창작뮤지컬로 다시 태어나다모든 것을 건 스릴 넘치는 내기의 현장반전에 반전을 더한 놀라운 이야기가 이번엔 무대에서 펼쳐진다 믿고 보는 창작진 김가람 작가  이한밀 작곡가의 합작관객 만족도 96점의 높은 완성도2020 한국뮤지컬어워즈 작품상을 수상한 김가람이한밀 콤비의 또 하나의 합작품오픈워크숍에서 관객 만족도 96점을 기록하며 작품성을 인정받은이머시브 뮤지컬 룰렛이 완성도를 높여 본공연으로 돌아왔다 내기를 시작해 모두의 앞에서 당신은 사건의 목격자가 된다관객참여로 완성되는 이머시브 뮤지컬관객은 파티에 초대된 사건의 목격자가 된다시작 전 프리쇼부터 배팅에 따라 바뀌는 결말까지넘치는 생동감과 확실한 몰입감객석과 무대의 구분을 허물고 배우와 관객이 함께 만들어가는 이머시브 뮤지컬 극을 더욱 풍성하게 만들어줄 새로운 캐스트의 합류완벽한 파티를 위한 10인의 배우진대저택의 주인이자 파티의 주최자 포우 역 서동진 조현우거리의 부랑자이자 포우의 숨겨진 동생 도일 역 이무현 차이도포우가 사랑하는 여인이자 게임의 또다른 변수 아가사 역 진소연 이수정파티의 진행과 안내를 도와줄 프라이드 러스트 엔비 그리드 역의이민규 정재헌 이예빈 가희까지오픈 워크숍을 통해 큰 호평을 받은 기존의 배우들에극을 더욱 풍성하게 만들어줄 새로운 캐스트가 더해져만들어내는 완벽한 연기 앙상블,시놉시스포우가 사는 비밀스러운 대저택의 문이 열리고 파티에 관객들이 초대된다 그들 사이를 떠도는 거지 도일 그는 도박에서 돈을 잃자 소란을 피우고 그걸 본 포우는 그를 자신의 파티에 초대한다포우는 손님들에게 환영의 인사를 건넨 후 사실 이 파티의 주인은 따로 있다고 말하며 대저택의 문을 걸어 잠근다 그가 말한 이 파티의 주인공은 바로 거지 도일 그는 사실 15년 전 포우와 고아원에서 이별한 후 사고로 모든 기억을 잃어버린 유일한 형제였던 것포우는 도일에게 자신과 내기를 해서 이기면 대저택과 전 재산을 주겠다고 한다 하지만 도일이 게임에 지면 그에게 목숨을 내놓으라고 제안하는데포우가 도일과 게임을 하려는 이유는 무엇일까쾌락의 게임 속 진정한 승자는 누구일까
193057,라인업,httpticketimageinterparkcomPlayDictionaryDATAPlayDicPlayDicUpload04000123090400012309_193057_01813gif,뮤지컬,20230912  20231228,성균관대학교 새천년홀,송정현이한솔임성목김태희박재석이호찬김영수손대영손지혜,중학생이상 관람가,90분,다섯 명의 아이돌 연습생이 그려내는 청춘 드라마로 꿈과 현실 나와 우리 사이의 갈등과 문제들을 건강하게 헤쳐나가는 열정적이고 에너지 넘치는 뮤지컬이다번번히 최종 오디션에서 떨어지는 데뷔 기회계속되는 좌절로 인해 서로에게는 점점 불신과 오해만 쌓이고 각자가 처한 현실에 의해 지쳐가는데 과연 이 다섯 명의 어리고 열정 넘치는 청년들이 어떠한 개인의 희생을 통해 다수가 행복한 길을 찾을 수 있을까그리고 그 들 앞에 나타나 좌절과 때로는 용기와 에너지를 전달하는 수많은 주변사람을 맡아 열연하는 두 배우의 캐릭터 변신에 주목해보자꿈을 향해 함께 나아가는 연습생들의 끊임없는 도전과 노력 그리고 팀워크의 소중함을 그린 창작 뮤지컬 라인업 THE 오디션은 연습생들이 하나의 꿈과 목표 아래 함께 모여 노력하는 모습을 통해 청소년들도 꿈을 이루기 위해서는 포기하지 않고 노력하는 자세와 희망을 잃지 않아야 한다는 점을 알려주는 교훈적인 작품입니다 학생들에게 선호도가 높은 KPOP넘버와 화려한 퍼포먼스로 깊은 공감과 호응을 이끌어 내고 있습니다,5인조 아이돌 연습생 지수 나봄 현민 연서 호찬은 더 레전드팀으로 같이 연습하며 기획사에서 열리는 최종 라인업에서 번번이 떨어지게 된다 결국 회사에서는 오랫동안 남아 있는 연습생을 정리하기로 결정하고 마지막 오디션을 위해 심기일전 준비를 한다 자신보다 팀을 더 중요하게 생각하는 대장 지수 부드럽게 팀원들을 챙겨주며 연습이 끝나면 아르바이트를 하며 집안을 책임지고 있는 나봄 언제나 남부러울 것 없이 도련님으로 자란 메인보컬 유학파 현민 솔직하고 담백한 여자 메인보컬 연서 꿈 많고 열정 넘치는 호찬 까지 그들은 최선을 다해 준비해서 최종 라인업까지 올라가지만 결국 현민이의 실수로 인해서 최종에서 떨어지고 만다 그로 인해 서로 이야기는 안 하지만 많이들 지치게 되고 회사에서도 결과에 대한 상황을 기다리게 된다 과연 그들은 희망이 없는 상황을 극복하고 최종 라인업에 들어가 아이돌 데뷔를 성공할 수 있을 것인가
193228,푸에르자 부르타 웨이라,httpticketimageinterparkcomPlayDictionaryDATAPlayDicPlayDicUpload04000123090400012309_193228_01326gif,오리지널,20231024  20240128,서울숲,nan,만 7세이상,70분,전 세계가 열광한 크레이지 아트 퍼포먼스푸에르자 부르타 국내 초연 10주년2013년 2018년 2019년 2022년 그리고 2023년까지10년간 함께한 FUERZA BRUTA WAYRACRAZY LOUD WET TOUCHING열정과 환호로 가득 찬 이 순간을 더욱 뜨겁게푸에르자부르타 미친공연 인생공연무대의 새로운 정의전후좌우 그리고 머리 위에서 내려오는 특별한 무대의 향연무대와 객석의 경계를 허물고 모든 공간을 무대로 활용예측할 수 없는 공간에서 등장하는 배우이전에 없던 새로운 경험공중에 흩날리는 종이 꽃가루 천장에서 쏟아지는 물 빛과 바람은 관객을 공연으로 더 가깝게 끌어들인다배우가 내려치는 소품을 맞고 함께 춤추며 열광하는 순간 관객은 공연의 일부가 된다,nan
193572,안동역에서  안동,httpticketimageinterparkcomPlayDictionaryDATAPlayDicPlayDicUpload04000123090400012309_193572_01807gif,뮤지컬,20230902  20231224,안동 한국문화테마파크 전통극장,이승욱유하진김규리정태연노승환,초등학생이상 관람가,70분,안동시 안동역을 배경으로 펼치는 일명 스테이션 뮤지컬 안동역에서는 안동의 문화와 사랑 사람 사는 이야기에 우리나라 철도의 역사를 녹여냄으로서 안동의 대표 레퍼토리로 발전시키는 데에 의의가 있을 것이다 그리하여 안동은 물론 안동을 찾는 많은 내외국인들에게도 추억을 되살리고 삶을 소중한 사람들을 돌아보는 계기가 되게 할 것이다,때는 1970년 안동의 청년이었던 차선남과 김선녀는 서로에게 첫눈에 반해 사랑에 빠지게 된다 하지만 집안의 반대에 부딪혀 이루어질 수 없는 사랑이 되고 선녀의 결혼식 전날 함께 도망치자던 약속도 지켜지지 않는다첫눈 오는 날 맺었던 맹세는 허무하게 사라지고 기차역의 기다림은 오래도록 이루어지지 않는데 그 시절의 청춘들의 사랑과 맹세 그리고 추억추억 회상 뮤지컬 안동역에서
194025,볼륨업,httpticketimageinterparkcomPlayDictionaryDATAPlayDicPlayDicUpload04000123090400012309_194025_01743gif,창작,20231006  20240128,서울숲 씨어터 1관,nan,만 8세이상,110분,감각적인 구성과 중독성 강한 음악이 선사하는 감동  뮤지컬 볼륨업은 기타 베이스 드럼 피아노까지  각 분야의 최고의 연주자들이 실제 라이브 연주와 함께  연기와 노래까지 선보이며 어디서도 볼 수 없는 퍼포먼스를 선보이며  치킨집 사장 기획사 대표 비서 무당 오디션 지원자 채은엄마 등  멀티 배역의 눈물나는 코믹 연기와 감동을 선사한다  최고의 캐스팅 완벽한 시너지  지난 시즌 12에서 최고의 공연을 선사했던  배기성이세준 홍경민정모박시환  그리고 최고의 연주를 보여줬던 연주자들이 다시 한번 무대에 함께한다  또한 노련미 넘치는 무대에 새로운 에너지를 가득 채울  새로운 배우들과 연주자들  주인공은수역의 한승윤과 이동열 이환희  크랙샷의 대니리싸이언 등 보다 강력하고 새로운 멤버들의 합류로  비교할 수 없는 최고의 무대가 펼쳐진다,환장할 녀석들이 만들어내는 환상적인 하모니  한 때 라이브 클럽의 전설이였던 볼륨  하지만 지금은 파리만 날리는 볼품없는 가게다  자신의 노래실력을 들키기 싫은 은수  클래식이 싫어 도망친 채은  돌아온 기타리스트 타미  이수역에서 베이스만 친 이수  전국 클럽 도장깨기를 하던 드러머 철봉  그리고 이들을 식구처럼 아끼는 볼륨의 사장상만  볼륨의 영광을 되찾기 위해 탄생한 라이브 밴드 볼륨 업  이 밴드 괜찮은 걸까
194236,세례요한,httpticketimageinterparkcomPlayDictionaryDATAPlayDicPlayDicUpload04000123100400012310_194236_01529gif,창작,20231012  20231230,북촌나래홀,nan,만 11세이상,90분,하나님은 공평하신가  하나님은 왜 침묵하시는가  하나님으로 인해  실족해  본적이 있는가  누군가가 당신에게 고의로 큰 상처를 주었다면  단지 당신을 해치고 먹어버리려고 그런 상처를 주었다면  그 사람을 용서하기가 정말 불가능할 것입니다  하지만 이 모든 게 사실이라 하더라도  한 가지 희망은 있습니다  도저히 받아들일 수 없는 이 상황이  바로 하나님의 허락을 거쳐 왔다는 사실을  그분의 계획 가운데 왔다는 사실을 기억하십시오  이 공연은 하나님에게 실망을 한 사람들  다른 사람들과의 관계에서 깊은 상처를 받은 사람들  도저히 받아들일 수 없는 상황들로 인하여  어려움을 겪는 사람들을 위한 작품입니다  하나님의 섭리를 깊이 생각하게 하는 작품  기쁨이 있는 기독교 뮤지컬  감동과 여운 그리고 다시 믿음으로 일어서게 하는 공연  영혼을 울리는 창작음악 은혜와 힐링의 무대,여인이 낭은 자 중에 가장 큰 자  광야에서 예수님이 오실 길을 예비하는 사명자로 태어난 세례요한은  종교지도자들과 정치권력자들의 부패와 죄를 보며  그들에게 회개하라고 외친다  동생의 아내 헤로디아와 결혼한 헤롯왕은 요한 주위에 구름처럼  몰려드는 사람들과 제자들의 모습을 보면서 요한을 두려워 하여  그를 가장 참혹한 3호실 감옥에 가둔다  비참한 감옥 안에서 하루하루 죽을 날만 기다리는 세례요한  제자들과 그를 따르던 사람들이 그의 사촌 예수에게 떠난다는 소식이  들리는 가운데 요한은 제자를 예수에게 보내 오실 그이가 당신입니까  아니면 다른 이를 기다려야 합니까 라는질문을 한다 하지만 나를 인해 실족지 않는 사람은 복이 있다라는 말을 들은  요한은 더욱 깊은 혼란에 빠져들게 되는데
194726,라인업 더 오디션,httpticketimageinterparkcomPlayDictionaryDATAPlayDicPlayDicUpload04000123100400012310_194726_01809gif,창작,20231101  20231229,성균관대학교 새천년홀,nan,만 8세이상,90분,라인업 THE 오디션은 꿈을 향해 나아가는 연습생들의 끊임없는 도전과 노력 그리고 꿈을 담은 이야기로 하나의 꿈과 목표 아래 함께 모여 노력하는 모습을 통해 포기하지 않고 노력하는 자세와 희망을 잃지 않아야 한다는 점을 알려주는 교훈적인 작품입니다  학생들에게 선호도가 높은 KPOP 넘버와 화려한  퍼포먼스로 깊은 공감과 호응을 이끌어내고 있습니다,5인조 아이돌 연습생 지수 나봄 현민 연서 호찬은 더 레전드팀으로 같이 연습하며 기획사에서 열리는 최종 데뷔 라인업에서 번번이 떨어지게 된다  결국 회사에서는 장기 연습생을 정리하기로 결정하고 마지막 오디션을 위해 심기일전 준비를 한다 최선을 다해 준비해서 최종 라인업까지 올라가지만 현민이의 실수로 인해 떨어지고 만다  서로 이야기는 안하지만 많이들 지치게 되고 회사에서도 결과에 대한 상황을 기다리게 되는데  과연 이들은 희망이 없는 상황을 극복하고  최종 라인업에 들어가 데뷔에 성공할 수 있을까
195220,빨간모자와 늑대  광주,httpticketimageinterparkcomPlayDictionaryDATAPlayDicPlayDicUpload04000123100400012310_195220_01918gif,어린이가족,20231101  20231129,롯데마트 월드컵점 3층 행복을 주는 가족극장,nan,전체관람가,50분,"하나 아이들에게 익숙한 그림형제의 동화 빨간모자와 늑대를 각색한 작품으로 온 가족이 함꼐 즐길 수 있는 작품 
둘 약속의 소중함과 배려심을 배울 수 있는 교육적 내용입니다 
셋 신나는 음악과 춤으로 즐거움을 선사할 것입니다 ",빨간모자는 엄마 심부름을 하기 위해 숲 너머 할머니 집으로 갑니다 엄마는 처음 가보는 길이니 조심해서 가라고 말을 하지만 빨간모자는 처음 가보는 숲길에 즐거워하며 심부름을 갑니다 빨간모자는 숲속에서 요정과 토끼와 새를 만나 할머니 댁에 심부름을 가는 길이라며 신나게 이야기 합니다 그러다가 사냥꾼 아저씨를 만나게 되고 그 사냥꾼 아저씨는 숲에 늑대가 살고 있으니 조심하라고 일러줍니다 이때 늑대는 빨간모자가 할머니 댁에 가는 것을 알고 잡아먹으려고 하는데 
195267,페인터즈,httpticketimageinterparkcomPlayDictionaryDATAPlayDicPlayDicUpload04000123100400012310_195267_01803gif,퍼포먼스,20231101  20231231,명보아트홀,nan,전체관람가,75분,"보고나면 사랑할 수 밖에 없는 4명의 페인터즈
그들이 펼치는 환상의 미술 공연
THE PAINTERS 시즌2는
놀라운 라이브 드로잉 감각적인 어반댄스
그리고 미디어 아트의 창의적인 융합을 통해
미술작품이 탄생하는 과정을 드라마틱하게 연출한 공연입니다","보고나면 사랑할 수 밖에 없는 4명의 페인터즈
그들이 펼치는 환상의 미술 공연
THE PAINTERS 시즌2는
놀라운 라이브 드로잉 감각적인 어반댄스
그리고 미디어 아트의 창의적인 융합을 통해
미술작품이 탄생하는 과정을 드라마틱하게 연출한 공연입니다"
167486,장수탕 선녀님,httpticketimageinterparkcomPlayDictionaryDATAPlayDicPlayDicUpload04000121080400012108_167486_01421gif,어린이가족,20210916  20240303,서울숲 씨어터 2관,한송이박시연한리예최승환최혜인박시온양다은이서은최성애김인섭이용호김명훈박나연변민슬권유진한혜란안가은최미성,12개월이상,60분,가족뮤지컬 연간 판매랭킹 1위  동네 낡은 목욕탕에서 만나는 신비로운 판타지의 세계  시원한 냉탕에서 펼치는 짜릿한 모험  쉿  장수탕 선녀 할머니  친선  나만의 비밀 친구  오늘도  목욕합니다  가족뮤지컬 NO1 할리퀸즈,겁먹지 마라 얘야  나는 저기 산속에 사는 선녀란다  우리 동네에는 오래된 목욕탕이 있다  큰길에 새로 생긴 스파랜드에는  게임방도 있고 얼음방도 있다는데  엄마는 오늘도 장수탕이다  그런데  냉탕에 이상한 할머니가 나타났다  덕지  아주아주 오래된 목욕탕에서 펼쳐지는  선녀 할머니와 덕지의  가슴 따뜻하고 웃음 가득한 판타지
169908,스크루테이프의 편지,httpticketimageinterparkcomPlayDictionaryDATAPlayDicPlayDicUpload04000121110400012111_169908_01011gif,창작,20220101  20231230,북촌나래홀,nan,만 12세이상,80분,나니아 연대기 작가 CS 루이스의  경험 사색 문학적 상상력으로 가득찬공연  뮤지컬 The Screwtape Letters  스크루테이프의  인간 영혼 유혹의 기술서 편지  관람 POINT  인간의 약점을 파고드는  악마들의 술책과 심리조작을 알게 되다  악마의 관점에서 인간의 약점을 파고드는 법 비겁함과 공포를 불러일으키고 인간을 성적인 타락에 빠뜨리려는 악마들의 다양한 시도를 볼 수 있게 된다  반어적 표현과 패러디로 가득찬  유쾌한 블랙코메디  좌충우돌 해프닝의 난무 온갖 방법을 동원해  인간을 유혹하기 위한 악마들의 은밀한 공작은  역으로 매번 좌절되며 놀림감이 된다  새로운 각도에서 조망해보는 세상사  가족 간의 갈등 기도에 관한 오해  거짓 영성 인간의 이중성 헛된 욕망  남녀의 사랑 웃음 쾌락 욕망 등  삶의 본질을 살펴보는 기회,경험 많고 노회한 고참 악마이자  악마특수공작대Devil Special Agency의 보스  스크루테이프는 원수Jesus와 밤낮 없는  치열한 전투를 벌이며 공작활동을 전개하지만  자신의 뜻대로 잘 되지 않아 불만이 많다  그는 조카이며 신참악마인 웜우드와  경  험  많은 악마 블랙엔젤을 특별 교육시켜  원수Jesus의 편에 서 있는 환자들인간들의 영혼을  타락시키기 위해서 위협과 회유  온갖 방법과 수단들을 동원하기로 한다  그러나 이들 악마들이 벌이는 싸움은  매번  원수의 방해로 실패하는데
173988,라면에 파송송,httpticketimageinterparkcomPlayDictionaryDATAPlayDicPlayDicUpload04000122040400012204_173988_01746gif,창작,20220423  20240127,로즈아트홀 구노방극장,김재선김슬기김태경,만 10세이상,100분,작가 의도  인생은 맛있다  누군가는 현재의 삶이 달콤할 수도 있고  누군가는 현재가 아플 수도 있다  누군가는 지금이 죽고 싶을 정도로 고통일수 있고  누군가는 지금 이순간이 영원토록  지속되기를 바랄 수도 있다  하지만 지금 이 시간이 당신에게 허락된  최고의 시간이라는 사실이다 왜냐하면  삶은 신이 우리에게 주는 최고의 선물이기  때문이다  연출 의도  공감에서 감동으로  라면에 파송송 가게에 찾아 들어온 극중  인물들은 차가운 한 겨울보다 더 냉혹한  세상 속에서 죽지 못해 살아가는 이들을 흥미  진지하게 풀어내는 배우들의 본능적으로  발산하는 연기와 관객이 무대에 올라  함께 라면을 먹고 나누는  공감에서 감동으로의 이야기  절망속에서 희망이라는 치유를  슬픔속에서 웃음이라는 치유를 좌절속에서 용기라는 치유를,비정규직을 전전하는 한 가정의 가장 다훈 우연히 보증금 백만원과 월세 십오만원에 나온 라명가게 전단지를 보고 한걸음에 달려가지만 쉬울 줄 알았던 가게 인수는 어렵기만 한데 라면 가게 주인 어르신이 이상하다 정체를 알 수 없는 살벌한 여고생 영아와 밑바닥까지 떨어진 한류스타 강훈을 만나게 되는데 과연 이 라면에 파송송 가게에 무슨 일이 벌어지는 걸까 다훈의 라면가게 인수 프로젝트는 무사히 성공할 수 있을까
192313,테레즈 라캥  공주,httpticketimageinterparkcomPlayDictionaryDATAPlayDicPlayDicUpload04000123080400012308_192313_01009gif,창작,20231109  20231111,공주문예회관 대공연장,최연우박정원동현김민강오진영,중학생이상 관람가,150분,프랑스자연주의 문학을 대표하는 에밀 졸라의 걸작 테레즈 라캥  칸 영화제 감독상 수상 박찬욱 감독이 극찬한 스토리  영화 박쥐의 모티브  2019년 2022년 성공적인 서울 공연에 이어서 전국투어공연으로 관객들을 만난다,1860년대 프랑스  어린 시절 아버지로부터 고모에게 맡겨진 뒤  병약한 사촌 카미유와 함께 유년 시절을 보낸 테레즈  테레즈는 고모와 함께 카미유를 돌보며 아버지를 기다리지만 아버지는 결국 돌아오지 못한다  자신의 의지와는 상관없이 카미유와 애정없는 결혼을 하는 테레즈  무의미한 결혼생활을 이어가던 어느 날 카미유의 어린 시절 친구인 로랑이 그들을 찾아온다  테레즈는 카미유와는 다르게 완숙한 남성미를 가진 로랑에게 순식간에 마음을 빼앗긴다 두사람은 곧은밀한 관계로 발전하고 서로에게 깊이 빠져들기 시작한다  서로를 탐닉하는 밀회만으로 만족할수 없었던 둘은 그들에게 걸림돌인 카미유를 없애기로 계획한다  한치의 의심도 받지 않는 완전 범죄에 성공하지만  이미 그들에게는 그누구도 예상하지 못한 파멸의 그림자가 드리워져 있었는데  인간에게 잠재되어 있는 본질적인 욕망이 불러온 파국이 휘몰아친다
